Store,StoreType,Assortment,CompetitionDistance,CompetitionOpenSinceMonth,CompetitionOpenSinceYear,Promo2,Promo2SinceYear,Promo2SinceWeek,PromoInterval
1,a,a,2170.465839232134,6.0,2000.0,1,2014.0,51.0,"Jan,Apr,Jul,Oct"
2,a,a,727.2450356706945,,,1,2015.0,12.0,"Jan,Apr,Jul,Oct"
3,d,c,3115.2057824765966,5.0,1998.0,1,2012.0,21.0,"Mar,Jun,Sept,Dec"
4,a,b,854.1242508788206,9.0,1991.0,0,2015.0,37.0,
5,a,a,680.5165766612956,4.0,1990.0,0,2011.0,52.0,
6,d,a,1451.9132180880404,3.0,2002.0,0,2014.0,42.0,
7,a,a,1196.7294948911422,12.0,2003.0,0,2013.0,46.0,
8,c,a,4575.288468013184,3.0,2007.0,0,2013.0,6.0,
9,b,a,519.2420860830568,,,0,2011.0,35.0,
10,c,a,647.5703244847887,5.0,1995.0,0,2010.0,44.0,
11,a,c,1133.6428661576979,,,0,2014.0,39.0,
12,a,a,1231.3008160021948,3.0,2014.0,1,2015.0,26.0,"Jan,Apr,Jul,Oct"
13,a,a,971.7756565749304,,,0,2013.0,25.0,
14,c,b,3375.14881536226,10.0,2005.0,1,2015.0,29.0,"Mar,Jun,Sept,Dec"
15,a,a,798.9989557202292,,,1,2010.0,33.0,"Mar,Jun,Sept,Dec"
16,a,b,854.2549041963232,2.0,2012.0,1,2011.0,43.0,"Jan,Apr,Jul,Oct"
17,b,b,549.6801518865027,,,1,2015.0,9.0,nan
18,a,b,4875.902757006684,3.0,2004.0,0,2014.0,28.0,
19,b,a,1746.8182127440218,11.0,2009.0,0,2011.0,50.0,
20,c,b,596.7483740183217,4.0,2007.0,0,2011.0,19.0,
21,a,b,3613.6379091901968,3.0,1990.0,1,2012.0,51.0,"Mar,Jun,Sept,Dec"
22,a,a,3999.6195069377814,,,1,2011.0,43.0,"Feb,May,Aug,Nov"
23,a,a,1704.653868025145,12.0,2011.0,0,2014.0,40.0,
24,b,b,1001.1845422318679,7.0,1996.0,0,2011.0,1.0,
25,a,c,570.2427087247846,,,0,2013.0,12.0,
26,d,a,702.6406770297233,12.0,1998.0,1,2011.0,30.0,"Mar,Jun,Sept,Dec"
27,a,a,626.4900178225616,11.0,1995.0,0,2011.0,27.0,
28,a,a,1243.1933553677923,12.0,2005.0,1,2015.0,45.0,"Jan,Apr,Jul,Oct"
29,a,b,1341.5775923916597,,,0,2014.0,5.0,
30,b,a,1106.6008658338471,6.0,1995.0,0,2014.0,50.0,
31,c,a,1540.7750098447843,,,1,2012.0,23.0,"Feb,May,Aug,Nov"
32,b,b,3918.271588250568,6.0,1999.0,1,2011.0,2.0,"Feb,May,Aug,Nov"
33,a,a,2157.3437332146805,10.0,1995.0,1,2015.0,21.0,"Mar,Jun,Sept,Dec"
34,a,a,183.37813211326232,10.0,2003.0,1,2010.0,5.0,nan
35,a,b,835.1120403878474,6.0,2005.0,0,2013.0,5.0,
36,a,a,4158.087006502195,8.0,2009.0,0,2014.0,16.0,
37,b,a,789.4076420129375,1.0,2005.0,0,2011.0,34.0,
38,a,c,3448.209606744789,7.0,1996.0,1,2011.0,27.0,"Jan,Apr,Jul,Oct"
39,a,b,1874.5920303384246,2.0,2000.0,0,2010.0,3.0,
40,a,a,2571.3993012036353,12.0,2015.0,1,2015.0,26.0,nan
41,c,a,886.3566141982443,11.0,1998.0,0,2015.0,6.0,
42,a,a,932.4295112479418,7.0,1992.0,1,2010.0,5.0,"Feb,May,Aug,Nov"
43,a,b,179.95512061588377,3.0,1994.0,0,2013.0,9.0,
44,a,a,3492.0802215479316,5.0,1994.0,1,2012.0,52.0,nan
45,a,a,3771.9209199175925,8.0,2008.0,0,2014.0,10.0,
46,a,a,634.6132875956528,1.0,2015.0,0,2015.0,32.0,
47,b,a,703.5940990795493,11.0,1992.0,1,2015.0,4.0,"Feb,May,Aug,Nov"
48,b,a,2664.8774439045437,3.0,2013.0,1,2012.0,2.0,"Jan,Apr,Jul,Oct"
49,c,a,8252.219535846776,9.0,2008.0,0,2013.0,21.0,
50,a,a,11508.24014163148,,,1,2015.0,1.0,"Jan,Apr,Jul,Oct"
51,a,a,454.4834759867453,10.0,2010.0,1,2013.0,15.0,"Feb,May,Aug,Nov"
52,d,a,5786.826501530646,11.0,2013.0,0,2014.0,13.0,
53,a,a,1058.2094737382351,4.0,2004.0,1,2013.0,13.0,nan
54,a,a,2181.477677422738,,,1,2012.0,27.0,"Jan,Apr,Jul,Oct"
55,a,c,1236.5401467555728,,,1,2014.0,36.0,nan
56,b,c,476.41194932915806,4.0,1993.0,0,2012.0,47.0,
57,d,c,710.0642719614561,8.0,2011.0,1,2011.0,8.0,"Jan,Apr,Jul,Oct"
58,a,a,5584.18048953943,5.0,1994.0,0,2013.0,49.0,
59,a,a,2092.5856491689983,,,0,2012.0,40.0,
60,b,a,333.4571135059821,,,1,2013.0,2.0,"Feb,May,Aug,Nov"
61,b,a,2304.8606628819352,11.0,2014.0,0,2010.0,16.0,
62,b,a,4903.133493432116,3.0,2004.0,0,2014.0,21.0,
63,b,b,1280.8201680701923,11.0,1991.0,1,2013.0,19.0,"Jan,Apr,Jul,Oct"
64,a,b,5673.421558761153,3.0,2004.0,0,2012.0,7.0,
65,d,a,1641.3219423075184,11.0,2004.0,1,2011.0,36.0,nan
66,b,a,905.2154750191803,5.0,2002.0,1,2011.0,49.0,"Jan,Apr,Jul,Oct"
67,a,a,2135.9465270573337,5.0,1997.0,1,2014.0,14.0,"Feb,May,Aug,Nov"
68,c,a,1220.6439282868066,8.0,2012.0,0,2014.0,41.0,
69,a,a,844.9189462582186,5.0,2011.0,0,2015.0,29.0,
70,a,a,1694.700195312543,10.0,1996.0,0,2011.0,11.0,
71,a,a,1470.5833651405144,5.0,2003.0,0,2011.0,18.0,
72,a,a,,9.0,1995.0,1,2015.0,49.0,"Mar,Jun,Sept,Dec"
73,a,a,488.3489779473894,6.0,1992.0,0,2011.0,12.0,
74,a,a,416.91515855140136,7.0,2013.0,0,2015.0,26.0,
75,a,c,1015.7551991214306,,,1,2010.0,31.0,"Mar,Jun,Sept,Dec"
76,b,a,953.8241451071952,7.0,2014.0,1,2011.0,42.0,"Mar,Jun,Sept,Dec"
77,a,b,1570.472373403424,1.0,1998.0,0,2013.0,51.0,
78,a,a,1382.1397636552597,,,1,2015.0,31.0,"Feb,May,Aug,Nov"
79,c,a,1062.5175438885212,1.0,1990.0,1,2012.0,20.0,"Jan,Apr,Jul,Oct"
80,c,b,592.9554691022831,11.0,2004.0,1,2015.0,42.0,nan
81,a,b,2983.4169803488567,,,1,2013.0,1.0,"Jan,Apr,Jul,Oct"
82,c,a,1482.279388222699,11.0,2001.0,1,2014.0,27.0,"Jan,Apr,Jul,Oct"
83,b,b,,5.0,2015.0,1,2012.0,10.0,"Jan,Apr,Jul,Oct"
84,c,a,2520.983483274792,11.0,1999.0,0,2014.0,39.0,
85,a,a,2889.3445453706095,9.0,1998.0,0,2013.0,15.0,
86,a,a,1532.4526451090785,11.0,2014.0,0,2011.0,46.0,
87,a,b,2071.3195604143116,2.0,2014.0,1,2012.0,51.0,nan
88,c,a,2617.9880874702785,,,0,2010.0,24.0,
89,c,a,,1.0,2002.0,0,2011.0,22.0,
90,a,a,1077.8735072814825,4.0,2005.0,0,2015.0,16.0,
91,b,b,7569.548764865712,6.0,1998.0,1,2012.0,15.0,"Mar,Jun,Sept,Dec"
92,d,a,514.755909923114,4.0,2015.0,0,2013.0,50.0,
93,b,b,1800.6662204370682,6.0,2001.0,1,2012.0,8.0,"Mar,Jun,Sept,Dec"
94,a,b,,7.0,2013.0,0,2011.0,50.0,
95,b,a,2810.6247600736274,3.0,2003.0,1,2010.0,13.0,nan
96,d,c,3502.9465845286477,,,1,2014.0,37.0,"Jan,Apr,Jul,Oct"
97,c,b,3921.814924965304,10.0,2015.0,1,2010.0,36.0,"Jan,Apr,Jul,Oct"
98,b,a,,12.0,2010.0,0,2011.0,35.0,
99,c,a,1633.749447049398,4.0,2003.0,1,2010.0,32.0,"Feb,May,Aug,Nov"
100,a,a,1009.9480124432811,7.0,2009.0,1,2010.0,25.0,"Mar,Jun,Sept,Dec"
101,c,b,1756.9682455390007,,,0,2013.0,23.0,
102,a,c,2966.138088746047,1.0,2010.0,1,2010.0,20.0,"Jan,Apr,Jul,Oct"
103,c,b,426.3662906337397,7.0,2009.0,1,2014.0,33.0,"Mar,Jun,Sept,Dec"
104,a,c,3969.2154368421716,12.0,2014.0,1,2014.0,9.0,"Mar,Jun,Sept,Dec"
105,a,b,1313.6499599320941,10.0,2009.0,0,2013.0,5.0,
106,b,a,862.5134609215127,,,1,2014.0,1.0,"Feb,May,Aug,Nov"
107,b,a,2795.6839634534194,,,1,2014.0,15.0,"Mar,Jun,Sept,Dec"
108,b,a,1613.6974567876998,2.0,2013.0,0,2012.0,25.0,
109,b,c,1904.299478703692,10.0,2003.0,0,2010.0,5.0,
110,a,a,4115.980441500379,4.0,2008.0,1,2011.0,3.0,"Feb,May,Aug,Nov"
111,c,b,414.77036747624896,3.0,2000.0,1,2013.0,48.0,nan
112,b,a,584.5672395030796,4.0,2006.0,0,2013.0,14.0,
113,a,a,525.3725865132926,5.0,2002.0,1,2010.0,11.0,"Feb,May,Aug,Nov"
114,b,a,2683.51771099119,2.0,1995.0,1,2013.0,32.0,nan
115,c,a,1279.462539659924,3.0,2000.0,0,2011.0,13.0,
116,a,c,2217.3645156869006,8.0,2012.0,1,2010.0,24.0,"Feb,May,Aug,Nov"
117,a,b,1497.3590262995988,10.0,2002.0,1,2013.0,32.0,"Jan,Apr,Jul,Oct"
118,a,b,3530.569765718628,11.0,2004.0,0,2011.0,26.0,
119,c,b,,4.0,1998.0,0,2015.0,16.0,
120,b,a,558.4898566605997,,,0,2011.0,33.0,
121,b,a,506.5324421425792,2.0,2005.0,1,2013.0,51.0,"Jan,Apr,Jul,Oct"
122,b,a,3474.1516988883445,6.0,2005.0,1,2014.0,36.0,"Jan,Apr,Jul,Oct"
123,a,b,872.78123888144,7.0,2002.0,1,2015.0,27.0,"Jan,Apr,Jul,Oct"
124,c,a,2518.2451388414615,2.0,2005.0,1,2012.0,1.0,"Feb,May,Aug,Nov"
125,c,c,1038.0573737058185,9.0,2011.0,1,2014.0,10.0,"Mar,Jun,Sept,Dec"
126,c,a,811.9193516947151,2.0,2004.0,1,2012.0,9.0,"Jan,Apr,Jul,Oct"
127,a,a,1924.0932562117519,12.0,1999.0,1,2011.0,50.0,"Jan,Apr,Jul,Oct"
128,a,a,2642.8394848866396,,,1,2013.0,49.0,"Mar,Jun,Sept,Dec"
129,a,b,2261.6931010837857,9.0,2013.0,1,2013.0,42.0,"Jan,Apr,Jul,Oct"
130,d,b,1705.6248205896338,9.0,2001.0,1,2012.0,10.0,"Jan,Apr,Jul,Oct"
131,a,b,2770.1287309629965,5.0,2012.0,0,2011.0,39.0,
132,a,c,1595.3869141928405,1.0,2005.0,0,2014.0,26.0,
133,c,b,,9.0,1999.0,1,2013.0,8.0,"Jan,Apr,Jul,Oct"
134,c,a,1844.7354431328085,10.0,2004.0,0,2012.0,23.0,
135,b,a,1938.1133400548595,12.0,2001.0,1,2015.0,47.0,nan
136,a,a,4446.251358959022,3.0,1995.0,0,2014.0,8.0,
137,b,b,,2.0,1990.0,1,2012.0,24.0,"Jan,Apr,Jul,Oct"
138,a,a,704.070769370885,6.0,1998.0,1,2014.0,32.0,"Jan,Apr,Jul,Oct"
139,a,b,1558.0205864427014,,,1,2015.0,9.0,"Feb,May,Aug,Nov"
140,a,a,322.22459146951235,9.0,2015.0,1,2013.0,19.0,"Feb,May,Aug,Nov"
141,b,b,,,,0,2012.0,52.0,
142,a,c,2646.6130237813973,5.0,1990.0,1,2014.0,47.0,nan
143,a,a,931.2720793585324,1.0,2002.0,0,2010.0,44.0,
144,a,c,4546.53846555299,,,1,2010.0,44.0,"Mar,Jun,Sept,Dec"
145,c,a,15359.699071355875,11.0,1997.0,0,2014.0,24.0,
146,a,a,865.8597415753103,12.0,2006.0,0,2015.0,16.0,
147,b,b,977.735711596202,1.0,2006.0,0,2010.0,18.0,
148,c,a,2566.4089579443307,,,0,2011.0,9.0,
149,b,a,,,,0,2015.0,3.0,
150,b,b,6865.206251597935,,,1,2014.0,15.0,"Jan,Apr,Jul,Oct"
151,c,a,1027.592008157624,7.0,2003.0,1,2011.0,23.0,"Feb,May,Aug,Nov"
152,a,a,1274.554370299674,,,0,2015.0,32.0,
153,d,b,1695.5007925674095,,,1,2013.0,29.0,"Feb,May,Aug,Nov"
154,a,a,1163.437849128024,4.0,2011.0,0,2014.0,16.0,
155,b,a,761.2742803199699,6.0,1990.0,1,2014.0,37.0,"Jan,Apr,Jul,Oct"
156,c,a,1433.6531371208007,2.0,2002.0,1,2014.0,10.0,"Feb,May,Aug,Nov"
157,c,a,2855.3058627841137,,,1,2012.0,22.0,nan
158,a,b,899.9991201729586,12.0,2014.0,0,2011.0,29.0,
159,c,a,1503.8692324573503,2.0,2002.0,1,2015.0,1.0,"Jan,Apr,Jul,Oct"
160,a,b,692.1699935948002,12.0,1994.0,1,2013.0,37.0,nan
161,a,a,1418.4337379846183,,,0,2011.0,48.0,
162,a,a,1291.6808074500807,,,0,2013.0,16.0,
163,a,a,1375.0237642911252,8.0,2013.0,1,2011.0,19.0,"Jan,Apr,Jul,Oct"
164,d,a,1371.7138726838075,10.0,2004.0,0,2015.0,48.0,
165,b,a,1331.6902539961281,,,1,2011.0,43.0,"Mar,Jun,Sept,Dec"
166,a,a,779.4677917794487,12.0,1994.0,1,2011.0,15.0,"Jan,Apr,Jul,Oct"
167,c,b,377.0676922738123,3.0,2010.0,1,2010.0,9.0,"Feb,May,Aug,Nov"
168,a,c,,8.0,2010.0,1,2015.0,34.0,"Jan,Apr,Jul,Oct"
169,c,a,878.0136578498156,6.0,2007.0,0,2010.0,14.0,
170,a,a,1239.1279365036175,5.0,2013.0,1,2013.0,16.0,"Feb,May,Aug,Nov"
171,a,a,251.3706813011784,10.0,2002.0,0,2012.0,8.0,
172,b,a,1610.8438472138819,9.0,2003.0,1,2013.0,33.0,"Feb,May,Aug,Nov"
173,d,c,682.1940954126385,1.0,2002.0,0,2011.0,50.0,
174,a,a,4399.952819353395,12.0,1995.0,1,2012.0,8.0,nan
175,a,a,2178.9712705734896,12.0,1999.0,1,2015.0,48.0,"Jan,Apr,Jul,Oct"
176,c,a,5747.754094311544,6.0,1994.0,0,2014.0,7.0,
177,c,a,567.3100335445457,,,0,2015.0,8.0,
178,b,c,890.3846841916471,10.0,2008.0,1,2012.0,25.0,"Mar,Jun,Sept,Dec"
179,d,a,1896.8534242636958,11.0,2010.0,1,2014.0,36.0,nan
180,a,c,3555.3232878428307,1.0,2000.0,1,2013.0,5.0,"Feb,May,Aug,Nov"
181,a,a,1077.479854523713,5.0,1995.0,0,2011.0,1.0,
182,a,b,1896.0120568278326,5.0,1999.0,1,2015.0,20.0,"Mar,Jun,Sept,Dec"
183,a,a,885.3533329695127,12.0,2014.0,1,2010.0,34.0,"Jan,Apr,Jul,Oct"
184,c,a,807.7285293074654,4.0,1995.0,1,2011.0,5.0,"Jan,Apr,Jul,Oct"
185,d,a,520.7115853852869,1.0,2000.0,1,2013.0,39.0,"Jan,Apr,Jul,Oct"
186,a,b,5476.346973359131,,,0,2012.0,21.0,
187,a,a,735.9931107630548,11.0,2013.0,1,2010.0,45.0,"Mar,Jun,Sept,Dec"
188,a,a,719.652886436216,,,1,2014.0,20.0,"Mar,Jun,Sept,Dec"
189,d,a,881.2261556196758,8.0,1995.0,1,2010.0,29.0,"Jan,Apr,Jul,Oct"
190,b,a,846.5864404310435,12.0,2012.0,0,2014.0,38.0,
191,c,a,1951.7388634006436,11.0,2001.0,1,2010.0,46.0,"Mar,Jun,Sept,Dec"
192,a,a,,7.0,2001.0,1,2013.0,28.0,nan
193,a,a,,7.0,2000.0,0,2011.0,3.0,
194,a,b,406.8171552066031,,,0,2015.0,27.0,
195,d,a,1351.668488424612,3.0,2010.0,1,2015.0,5.0,"Feb,May,Aug,Nov"
196,a,b,958.3542695308487,3.0,2001.0,0,2013.0,50.0,
197,a,a,339.8554327593731,11.0,1999.0,1,2010.0,6.0,nan
198,a,a,514.8223747379582,10.0,2010.0,0,2013.0,26.0,
199,a,a,1299.0663941745056,9.0,1993.0,1,2010.0,14.0,"Jan,Apr,Jul,Oct"
200,a,a,2662.1938229772395,8.0,2002.0,1,2014.0,17.0,"Jan,Apr,Jul,Oct"
201,a,a,,,,0,2014.0,40.0,
202,c,a,2398.7763205893416,3.0,1993.0,1,2014.0,39.0,"Feb,May,Aug,Nov"
203,a,a,1963.784335933617,8.0,2000.0,0,2015.0,43.0,
204,a,c,,4.0,1992.0,1,2013.0,32.0,"Jan,Apr,Jul,Oct"
205,a,a,1160.6365486454665,4.0,2008.0,0,2014.0,31.0,
206,c,b,1964.5973284740976,8.0,2010.0,0,2013.0,11.0,
207,c,a,750.1434237951912,10.0,2002.0,1,2014.0,32.0,nan
208,a,b,1702.4340764880092,6.0,1997.0,1,2014.0,48.0,nan
209,c,a,5927.247653426602,6.0,2013.0,1,2015.0,27.0,"Jan,Apr,Jul,Oct"
210,c,a,804.4646231415121,12.0,2003.0,0,2013.0,9.0,
211,b,a,3746.5150450293186,12.0,2005.0,1,2012.0,1.0,nan
212,b,a,617.2675790729126,9.0,2008.0,0,2010.0,36.0,
213,a,c,2363.6414797085663,,,0,2015.0,42.0,
214,a,a,395.37148339543273,3.0,2006.0,0,2010.0,16.0,
215,a,a,466.9587634827293,9.0,2014.0,1,2013.0,46.0,"Jan,Apr,Jul,Oct"
216,a,a,2551.415929992127,10.0,2003.0,0,2012.0,26.0,
217,a,a,5472.875219828709,5.0,2001.0,1,2013.0,4.0,"Feb,May,Aug,Nov"
218,a,a,2418.433082386293,8.0,1994.0,1,2013.0,36.0,nan
219,a,a,2251.4287081818306,9.0,1995.0,0,2012.0,9.0,
220,a,b,3824.0083116432443,1.0,2004.0,0,2012.0,29.0,
221,a,a,3255.143632029826,10.0,2013.0,1,2015.0,3.0,"Feb,May,Aug,Nov"
222,c,a,1583.1034592524213,11.0,2003.0,1,2012.0,21.0,"Feb,May,Aug,Nov"
223,b,a,2061.4913690279823,12.0,2012.0,0,2011.0,41.0,
224,b,c,1800.190569243413,5.0,2006.0,1,2011.0,24.0,nan
225,a,a,2222.9087118023704,12.0,2014.0,0,2015.0,46.0,
226,a,b,2216.680957204795,6.0,2011.0,0,2011.0,31.0,
227,a,a,731.7806365514568,11.0,2012.0,1,2014.0,9.0,nan
228,b,b,1578.8401842731923,7.0,2005.0,0,2010.0,4.0,
229,b,a,845.7372312484442,,,1,2012.0,51.0,"Mar,Jun,Sept,Dec"
230,b,c,547.2164896714331,,,1,2015.0,24.0,"Feb,May,Aug,Nov"
231,b,a,4595.993831273527,3.0,1997.0,1,2011.0,52.0,nan
232,a,c,848.5249002843544,6.0,1991.0,0,2013.0,6.0,
233,a,b,3812.2463940953644,,,0,2011.0,40.0,
234,b,c,,8.0,1992.0,1,2015.0,30.0,"Mar,Jun,Sept,Dec"
235,a,a,,7.0,1997.0,1,2011.0,44.0,"Mar,Jun,Sept,Dec"
236,a,b,2485.7721572191767,1.0,2002.0,1,2010.0,22.0,"Mar,Jun,Sept,Dec"
237,a,a,590.089222451008,,,0,2013.0,34.0,
238,a,a,7196.8176784294465,11.0,2005.0,0,2012.0,4.0,
239,a,a,3122.6462122319317,,,0,2015.0,15.0,
240,b,a,2473.7245485778585,1.0,1990.0,1,2011.0,2.0,"Jan,Apr,Jul,Oct"
241,b,c,,5.0,1994.0,0,2010.0,47.0,
242,a,a,3197.7131005223455,10.0,2007.0,1,2015.0,3.0,"Feb,May,Aug,Nov"
243,c,a,837.56019637027,3.0,2011.0,0,2011.0,50.0,
244,b,a,2932.4531464734505,3.0,2012.0,1,2013.0,25.0,"Jan,Apr,Jul,Oct"
245,b,b,1768.0584860197885,1.0,2002.0,0,2013.0,52.0,
246,a,a,551.649183183937,,,0,2014.0,20.0,
247,a,a,3714.91770004818,9.0,1991.0,1,2012.0,24.0,nan
248,c,a,972.54905428221,11.0,2002.0,1,2012.0,34.0,"Jan,Apr,Jul,Oct"
249,a,b,1287.6487690839651,2.0,2009.0,0,2010.0,15.0,
250,d,a,,2.0,1990.0,0,2012.0,8.0,
251,a,a,380.8273176633508,5.0,2006.0,0,2014.0,21.0,
252,a,a,974.2672870334269,3.0,2009.0,0,2014.0,47.0,
253,b,a,721.3187115815607,,,1,2010.0,2.0,"Mar,Jun,Sept,Dec"
254,b,a,700.0281977519288,9.0,1996.0,1,2011.0,31.0,"Jan,Apr,Jul,Oct"
255,c,a,33.566597037281085,3.0,2001.0,0,2010.0,28.0,
256,a,a,2259.380546080608,9.0,1990.0,1,2013.0,12.0,"Feb,May,Aug,Nov"
257,a,a,1770.86808172788,9.0,1996.0,0,2013.0,8.0,
258,c,a,1088.7338379375574,11.0,2009.0,0,2011.0,9.0,
259,a,b,739.7026105215057,3.0,2015.0,0,2011.0,17.0,
260,c,a,,4.0,2003.0,1,2014.0,37.0,nan
261,b,a,741.6026451347777,5.0,2005.0,1,2010.0,20.0,"Feb,May,Aug,Nov"
262,d,a,656.369562938675,12.0,2012.0,0,2011.0,25.0,
263,a,a,358.28585294884573,10.0,2013.0,1,2013.0,44.0,"Feb,May,Aug,Nov"
264,c,b,4573.053604653823,5.0,2007.0,1,2010.0,5.0,nan
265,a,a,1020.9013174551218,,,0,2011.0,41.0,
266,a,a,2836.7914773043053,9.0,2003.0,1,2013.0,5.0,nan
267,a,b,1971.8664750110474,9.0,1996.0,0,2011.0,17.0,
268,a,a,490.0280842225849,9.0,1996.0,0,2011.0,41.0,
269,a,a,1643.0287238770147,,,0,2010.0,19.0,
270,a,b,1705.3528293856093,12.0,2013.0,1,2014.0,11.0,"Mar,Jun,Sept,Dec"
271,c,a,3348.0297305223994,3.0,1998.0,0,2014.0,19.0,
272,b,b,1300.8277924282875,,,1,2015.0,47.0,"Mar,Jun,Sept,Dec"
273,a,a,1604.5193238352515,3.0,2003.0,0,2012.0,16.0,
274,b,a,1041.562281726981,,,0,2015.0,44.0,
275,a,a,1623.5116896376487,10.0,1991.0,1,2011.0,27.0,"Mar,Jun,Sept,Dec"
276,a,a,1563.7754665275513,5.0,2009.0,1,2010.0,51.0,"Feb,May,Aug,Nov"
277,a,a,1151.1542415879421,7.0,1997.0,1,2012.0,14.0,nan
278,c,b,3573.2238896372064,6.0,2008.0,1,2015.0,33.0,"Feb,May,Aug,Nov"
279,a,c,866.1243504624505,1.0,2003.0,0,2012.0,38.0,
280,c,b,11629.496111383474,12.0,2009.0,1,2014.0,10.0,"Feb,May,Aug,Nov"
281,a,a,1618.4830212966592,11.0,1999.0,1,2015.0,22.0,"Feb,May,Aug,Nov"
282,a,b,438.82249263640597,12.0,2011.0,1,2010.0,51.0,"Feb,May,Aug,Nov"
283,b,a,743.7889439708952,7.0,1995.0,0,2012.0,12.0,
284,a,a,,4.0,1990.0,1,2012.0,52.0,nan
285,d,a,1696.6512161655091,7.0,2009.0,0,2013.0,18.0,
286,a,b,1334.1230318644289,3.0,1998.0,1,2010.0,29.0,"Feb,May,Aug,Nov"
287,a,a,1081.2442276871507,7.0,2009.0,1,2015.0,41.0,nan
288,a,a,3386.5372684867616,,,1,2011.0,45.0,"Feb,May,Aug,Nov"
289,b,a,1157.5128942823833,1.0,1990.0,0,2014.0,50.0,
290,a,a,,1.0,1993.0,1,2013.0,36.0,nan
291,a,a,2459.1840548659593,4.0,1996.0,1,2012.0,2.0,nan
292,a,a,457.14856260316657,11.0,2000.0,1,2014.0,33.0,"Mar,Jun,Sept,Dec"
293,c,a,972.4982740488665,6.0,1995.0,1,2015.0,3.0,"Mar,Jun,Sept,Dec"
294,c,c,1423.635637692698,1.0,2008.0,1,2014.0,52.0,"Feb,May,Aug,Nov"
295,a,a,728.6967019524061,12.0,2014.0,0,2011.0,22.0,
296,c,a,7843.971162720099,9.0,1992.0,0,2015.0,10.0,
297,a,a,,2.0,1996.0,0,2012.0,5.0,
298,b,b,524.3766221772689,8.0,2014.0,1,2010.0,46.0,"Jan,Apr,Jul,Oct"
299,b,b,1266.8444896144683,,,0,2010.0,42.0,
300,a,b,1173.8674975320382,,,1,2015.0,22.0,"Jan,Apr,Jul,Oct"
301,b,a,845.6890308394721,4.0,2000.0,1,2014.0,31.0,"Jan,Apr,Jul,Oct"
302,b,a,,7.0,2014.0,1,2013.0,16.0,"Jan,Apr,Jul,Oct"
303,c,a,2431.8842648280033,10.0,2000.0,1,2010.0,52.0,"Mar,Jun,Sept,Dec"
304,c,a,1427.6321529042448,2.0,2004.0,1,2010.0,17.0,nan
305,a,b,2171.0904968482364,8.0,1999.0,1,2014.0,32.0,"Mar,Jun,Sept,Dec"
306,c,a,8672.367811360704,7.0,2001.0,1,2015.0,48.0,"Mar,Jun,Sept,Dec"
307,b,a,1739.2285697402808,,,0,2010.0,1.0,
308,b,c,1196.107892700556,2.0,2007.0,1,2012.0,49.0,"Mar,Jun,Sept,Dec"
309,b,c,1653.224271710476,9.0,2005.0,1,2010.0,18.0,"Feb,May,Aug,Nov"
310,a,c,2312.291477008508,5.0,2008.0,0,2011.0,9.0,
311,c,c,2779.6308571054014,,,0,2013.0,34.0,
312,b,a,3703.432417178776,3.0,1998.0,1,2011.0,45.0,"Feb,May,Aug,Nov"
313,a,a,,7.0,1996.0,0,2010.0,25.0,
314,b,a,4361.579808170044,9.0,2005.0,0,2015.0,20.0,
315,a,a,2888.413221135902,,,0,2012.0,41.0,
316,a,a,5224.3658634618,5.0,1997.0,0,2012.0,34.0,
317,b,a,303.85766974250237,3.0,1998.0,0,2011.0,21.0,
318,a,a,,2.0,2009.0,1,2013.0,30.0,nan
319,a,a,1685.8857775765105,5.0,2003.0,1,2010.0,17.0,nan
320,b,a,720.1679135871302,,,1,2013.0,26.0,"Jan,Apr,Jul,Oct"
321,c,a,1355.7684591793413,7.0,1990.0,0,2015.0,32.0,
322,a,c,1336.2585604855824,3.0,2009.0,1,2012.0,29.0,nan
323,a,a,5713.502900031427,11.0,2007.0,0,2010.0,40.0,
324,a,b,735.8441763405332,11.0,2015.0,1,2010.0,6.0,"Jan,Apr,Jul,Oct"
325,b,c,987.479089101486,12.0,2010.0,1,2014.0,11.0,"Jan,Apr,Jul,Oct"
326,a,a,1722.2113620332673,,,0,2012.0,35.0,
327,c,b,595.1545827338508,4.0,2008.0,1,2015.0,45.0,"Jan,Apr,Jul,Oct"
328,b,c,2977.205229314757,6.0,1992.0,1,2014.0,17.0,"Jan,Apr,Jul,Oct"
329,b,b,1147.4688881821633,4.0,1999.0,1,2015.0,47.0,"Jan,Apr,Jul,Oct"
330,a,a,1768.5671566631947,5.0,2011.0,1,2014.0,41.0,nan
331,b,a,346.04661520309696,9.0,2005.0,1,2012.0,5.0,"Feb,May,Aug,Nov"
332,c,c,1309.4631248850756,4.0,1999.0,0,2010.0,1.0,
333,b,b,874.759984055523,4.0,2005.0,1,2012.0,38.0,"Jan,Apr,Jul,Oct"
334,c,b,3135.964185459776,1.0,1999.0,1,2013.0,25.0,nan
335,a,b,518.4265114774784,6.0,2000.0,1,2010.0,45.0,nan
336,c,a,1898.642486702562,9.0,1990.0,1,2011.0,28.0,"Jan,Apr,Jul,Oct"
337,a,a,2519.17860199988,8.0,2000.0,0,2010.0,14.0,
338,d,a,1801.4341601337794,12.0,1994.0,1,2010.0,48.0,"Feb,May,Aug,Nov"
339,a,a,1673.4891758873487,5.0,1998.0,1,2014.0,48.0,"Jan,Apr,Jul,Oct"
340,a,a,2269.517464782002,1.0,1990.0,0,2010.0,30.0,
341,a,a,1668.2329798143705,5.0,2010.0,0,2010.0,45.0,
342,b,c,1256.0996548765966,10.0,1991.0,1,2013.0,41.0,"Feb,May,Aug,Nov"
343,b,a,873.7291143876976,,,1,2010.0,45.0,"Mar,Jun,Sept,Dec"
344,c,b,747.696412051197,1.0,2014.0,1,2010.0,51.0,"Jan,Apr,Jul,Oct"
345,b,a,5103.80238559395,10.0,2002.0,0,2012.0,9.0,
346,a,b,758.7754492077164,11.0,2008.0,0,2012.0,14.0,
347,a,c,6774.563380431492,3.0,1991.0,1,2014.0,6.0,"Feb,May,Aug,Nov"
348,a,a,1674.6844525923295,,,1,2011.0,45.0,"Jan,Apr,Jul,Oct"
349,c,a,7004.5787783642145,,,0,2011.0,6.0,
350,a,b,2319.6994185827443,,,0,2013.0,48.0,
351,a,b,1639.0908821108992,2.0,1999.0,1,2014.0,36.0,nan
352,a,a,3136.6330968700327,9.0,2000.0,0,2013.0,20.0,
353,a,a,5057.3974320335665,,,0,2012.0,9.0,
354,a,a,5615.898369868908,11.0,1993.0,1,2011.0,33.0,"Feb,May,Aug,Nov"
355,a,c,1210.457295989261,3.0,2006.0,1,2014.0,19.0,"Feb,May,Aug,Nov"
356,b,b,9077.794035731482,10.0,2002.0,0,2015.0,46.0,
357,a,c,752.3505768817373,9.0,1991.0,1,2011.0,3.0,nan
358,b,a,6163.647742301469,12.0,1990.0,1,2015.0,27.0,"Mar,Jun,Sept,Dec"
359,a,a,2263.5511513692677,,,1,2015.0,20.0,"Mar,Jun,Sept,Dec"
360,c,a,1507.3441419184883,4.0,1993.0,1,2011.0,15.0,"Mar,Jun,Sept,Dec"
361,a,a,865.2794767329522,10.0,1995.0,0,2011.0,41.0,
362,a,b,2816.7284231408107,,,1,2014.0,39.0,"Jan,Apr,Jul,Oct"
363,a,a,5789.629860927275,3.0,2004.0,1,2013.0,6.0,nan
364,a,a,2650.7077290678108,7.0,2009.0,0,2012.0,10.0,
365,a,a,3676.8887188611407,6.0,1999.0,1,2015.0,11.0,"Mar,Jun,Sept,Dec"
366,a,c,,8.0,2006.0,0,2013.0,33.0,
367,a,c,,12.0,1990.0,0,2014.0,5.0,
368,a,b,1372.9831134697547,5.0,1992.0,0,2010.0,45.0,
369,a,a,421.4951476789851,11.0,2009.0,1,2012.0,41.0,"Mar,Jun,Sept,Dec"
370,c,c,3091.5118118955297,7.0,1997.0,0,2010.0,9.0,
371,c,a,,9.0,2008.0,0,2013.0,25.0,
372,b,b,1465.3331535929133,3.0,2009.0,1,2010.0,31.0,"Feb,May,Aug,Nov"
373,a,c,2895.253502533883,9.0,1993.0,1,2012.0,26.0,nan
374,b,c,638.8630075512076,6.0,1998.0,1,2011.0,52.0,"Jan,Apr,Jul,Oct"
375,a,b,523.5017751416067,,,1,2014.0,41.0,nan
376,c,a,856.0919757087819,8.0,2000.0,0,2014.0,41.0,
377,a,a,516.8266691446744,10.0,1993.0,0,2015.0,6.0,
378,c,a,5687.437096534737,2.0,2013.0,1,2012.0,25.0,"Mar,Jun,Sept,Dec"
379,a,b,1291.5458282498482,5.0,1995.0,0,2015.0,5.0,
380,a,b,720.8560283598633,5.0,2008.0,0,2013.0,1.0,
381,a,a,534.0868834885368,12.0,1995.0,1,2011.0,20.0,"Feb,May,Aug,Nov"
382,d,b,1199.5919249302924,4.0,2009.0,0,2013.0,3.0,
383,c,b,915.8962393800468,,,0,2015.0,25.0,
384,c,a,319.41546342013595,4.0,1991.0,0,2014.0,9.0,
385,a,a,863.1432897302191,3.0,2005.0,0,2011.0,3.0,
386,a,a,3666.540562775906,8.0,1996.0,1,2012.0,51.0,"Feb,May,Aug,Nov"
387,a,a,2769.684469524416,,,0,2015.0,37.0,
388,c,c,,5.0,1990.0,0,2013.0,11.0,
389,d,a,3624.653915083291,3.0,2008.0,1,2011.0,43.0,"Jan,Apr,Jul,Oct"
390,b,b,1909.1914892952614,,,1,2014.0,5.0,nan
391,c,c,612.321696700819,3.0,2015.0,1,2013.0,45.0,"Feb,May,Aug,Nov"
392,b,a,2381.6438644353634,4.0,2015.0,0,2014.0,46.0,
393,a,a,1491.4664394334852,6.0,1994.0,1,2015.0,12.0,nan
394,a,b,1846.2954586887083,4.0,1997.0,0,2015.0,28.0,
395,b,a,8700.15417782641,4.0,1990.0,1,2014.0,51.0,"Jan,Apr,Jul,Oct"
396,a,b,2895.7875804301552,12.0,2004.0,0,2012.0,42.0,
397,a,b,7516.790257107326,7.0,1999.0,0,2012.0,16.0,
398,a,a,,10.0,2009.0,1,2015.0,10.0,"Mar,Jun,Sept,Dec"
399,c,a,757.8019178463445,9.0,2010.0,1,2013.0,25.0,nan
400,c,a,1641.0912457872778,,,0,2012.0,31.0,
401,d,b,2794.7286517325897,8.0,1993.0,1,2014.0,3.0,nan
402,b,c,1852.6415093784358,12.0,2009.0,1,2010.0,17.0,"Mar,Jun,Sept,Dec"
403,c,a,2117.650701876919,9.0,2004.0,0,2013.0,25.0,
404,c,b,7152.010068795489,,,1,2010.0,32.0,nan
405,b,a,2078.2349437959665,12.0,2002.0,1,2015.0,40.0,"Feb,May,Aug,Nov"
406,a,b,,3.0,1994.0,0,2010.0,29.0,
407,a,c,1388.381924102333,11.0,2001.0,1,2011.0,3.0,nan
408,a,b,4933.099384444035,4.0,2010.0,1,2014.0,8.0,"Feb,May,Aug,Nov"
409,a,a,1726.1699221094796,11.0,2013.0,0,2015.0,36.0,
410,c,a,1534.830085139264,3.0,2005.0,0,2011.0,7.0,
411,c,a,433.38581739664426,3.0,1999.0,1,2015.0,22.0,"Jan,Apr,Jul,Oct"
412,b,a,3815.8766487815287,,,0,2011.0,39.0,
413,a,a,1747.817103189243,,,0,2012.0,9.0,
414,c,a,,7.0,2011.0,0,2012.0,46.0,
415,b,a,3160.5044154892043,10.0,1999.0,1,2012.0,17.0,"Mar,Jun,Sept,Dec"
416,b,c,6983.68499526965,8.0,2003.0,1,2012.0,42.0,"Jan,Apr,Jul,Oct"
417,a,b,690.7103425124249,3.0,2007.0,0,2015.0,7.0,
418,c,b,1244.6957575632202,11.0,1990.0,1,2014.0,43.0,"Jan,Apr,Jul,Oct"
419,d,a,1008.7457896497029,2.0,2011.0,0,2010.0,35.0,
420,a,a,5488.268166437947,7.0,2015.0,1,2013.0,50.0,"Mar,Jun,Sept,Dec"
421,a,a,,,,0,2013.0,4.0,
422,a,a,1587.5209809402024,7.0,2013.0,0,2010.0,16.0,
423,c,a,1339.2983328667951,10.0,1991.0,1,2010.0,3.0,"Feb,May,Aug,Nov"
424,d,b,3600.6812998239707,6.0,1997.0,1,2011.0,11.0,"Jan,Apr,Jul,Oct"
425,a,a,,,,0,2010.0,13.0,
426,a,a,644.0317763423386,2.0,2015.0,1,2015.0,17.0,"Jan,Apr,Jul,Oct"
427,a,c,927.0700213934075,11.0,2009.0,0,2013.0,51.0,
428,a,c,790.6796994474537,1.0,1994.0,1,2015.0,12.0,nan
429,a,a,1436.1495728358973,5.0,1990.0,0,2013.0,7.0,
430,a,a,427.5567531320401,10.0,1992.0,0,2010.0,13.0,
431,b,a,964.2593478462152,10.0,2013.0,1,2015.0,8.0,"Jan,Apr,Jul,Oct"
432,a,a,3788.7748659760127,12.0,2004.0,0,2015.0,6.0,
433,a,b,8810.158593068161,,,0,2010.0,3.0,
434,a,a,581.4008503322476,,,1,2013.0,12.0,"Mar,Jun,Sept,Dec"
435,b,a,2580.3522765809726,2.0,1999.0,1,2010.0,13.0,"Feb,May,Aug,Nov"
436,b,c,2737.038422867106,7.0,1992.0,0,2012.0,29.0,
437,a,a,752.0171452248401,12.0,2010.0,1,2013.0,17.0,nan
438,c,a,1379.1774431754977,2.0,2009.0,0,2011.0,52.0,
439,b,a,2439.0662875070793,4.0,2007.0,1,2012.0,3.0,"Jan,Apr,Jul,Oct"
440,a,a,1174.982326248302,1.0,2008.0,1,2014.0,35.0,"Mar,Jun,Sept,Dec"
441,c,b,1380.8492783024203,5.0,2014.0,0,2011.0,44.0,
442,b,a,2820.709257174442,6.0,2002.0,1,2010.0,4.0,nan
443,c,a,,12.0,1992.0,0,2013.0,38.0,
444,b,c,2087.8428994857145,1.0,2012.0,0,2015.0,11.0,
445,a,a,733.0096366337893,,,1,2015.0,1.0,"Mar,Jun,Sept,Dec"
446,a,c,5132.030845860307,6.0,1992.0,1,2012.0,44.0,nan
447,a,b,2923.388604547557,6.0,1991.0,0,2010.0,49.0,
448,d,c,3299.416889130366,1.0,2003.0,0,2015.0,37.0,
449,c,a,,12.0,2014.0,1,2010.0,35.0,"Mar,Jun,Sept,Dec"
450,d,a,,2.0,2010.0,0,2015.0,29.0,
451,a,a,516.0956955171246,,,0,2013.0,11.0,
452,b,a,914.080007579991,5.0,2008.0,0,2012.0,42.0,
453,b,a,1096.9877014950425,2.0,1992.0,1,2011.0,52.0,"Mar,Jun,Sept,Dec"
454,c,a,1753.082409968211,2.0,2000.0,1,2012.0,18.0,nan
455,a,b,1033.083829937698,9.0,2014.0,0,2012.0,11.0,
456,a,a,922.9269468726739,8.0,1997.0,0,2010.0,7.0,
457,a,a,5191.954510931229,12.0,1997.0,0,2015.0,38.0,
458,b,a,3214.2334866220845,2.0,2009.0,1,2014.0,6.0,"Mar,Jun,Sept,Dec"
459,d,b,4519.726714137781,3.0,2015.0,1,2010.0,42.0,"Jan,Apr,Jul,Oct"
460,c,a,7880.04078840296,4.0,2004.0,1,2012.0,19.0,nan
461,a,a,,3.0,1990.0,0,2014.0,45.0,
462,c,b,1264.4415408172297,7.0,2003.0,1,2015.0,34.0,nan
463,b,a,6488.287490753628,12.0,2013.0,0,2010.0,16.0,
464,a,b,4805.496068988438,2.0,2007.0,1,2014.0,26.0,"Jan,Apr,Jul,Oct"
465,a,c,3175.3871092823974,12.0,2004.0,1,2014.0,43.0,"Feb,May,Aug,Nov"
466,a,a,707.1676729269751,8.0,2000.0,0,2011.0,38.0,
467,a,a,1112.8093299698826,11.0,1995.0,0,2015.0,6.0,
468,a,a,1368.07272793416,9.0,2012.0,0,2015.0,15.0,
469,a,a,3842.3233709638034,,,0,2014.0,2.0,
470,a,b,756.439731557545,6.0,2011.0,1,2011.0,3.0,"Jan,Apr,Jul,Oct"
471,a,a,,10.0,1997.0,0,2011.0,5.0,
472,a,a,380.8317642074531,12.0,1996.0,0,2011.0,25.0,
473,c,a,1416.4603905618312,7.0,1991.0,0,2014.0,19.0,
474,a,c,1210.245636721029,11.0,2014.0,0,2011.0,5.0,
475,b,b,544.7055997083363,,,1,2013.0,50.0,"Feb,May,Aug,Nov"
476,c,a,10075.487107469371,12.0,2001.0,1,2012.0,45.0,nan
477,a,a,1576.5745283311405,11.0,1994.0,1,2012.0,30.0,"Mar,Jun,Sept,Dec"
478,c,b,,,,0,2014.0,22.0,
479,c,c,4428.301114354032,1.0,2015.0,1,2014.0,25.0,"Feb,May,Aug,Nov"
480,a,a,1165.6385591892144,1.0,1999.0,0,2013.0,1.0,
481,a,b,2127.166886629552,2.0,2009.0,1,2013.0,44.0,"Feb,May,Aug,Nov"
482,b,a,659.9817137140707,11.0,2011.0,1,2015.0,2.0,"Jan,Apr,Jul,Oct"
483,a,b,1272.8271532176282,3.0,1997.0,0,2014.0,3.0,
484,a,b,,2.0,1994.0,1,2012.0,42.0,"Feb,May,Aug,Nov"
485,a,a,1956.9862584810958,7.0,2008.0,1,2013.0,5.0,"Jan,Apr,Jul,Oct"
486,a,b,2836.1743825104572,9.0,1999.0,1,2015.0,41.0,nan
487,b,a,,9.0,2011.0,1,2010.0,10.0,"Mar,Jun,Sept,Dec"
488,a,c,5878.826371932225,1.0,2007.0,0,2012.0,50.0,
489,c,a,2800.065189788929,4.0,2008.0,0,2014.0,40.0,
490,c,a,3594.772818360341,1.0,1993.0,0,2011.0,37.0,
491,d,a,757.6753990759265,11.0,2001.0,0,2013.0,28.0,
492,a,a,656.2230200318127,8.0,2015.0,1,2010.0,17.0,"Jan,Apr,Jul,Oct"
493,a,a,2082.968961368201,12.0,2008.0,0,2013.0,24.0,
494,b,a,1382.4283964365025,3.0,2015.0,0,2013.0,50.0,
495,a,b,1179.0165650746412,12.0,2013.0,1,2013.0,35.0,"Mar,Jun,Sept,Dec"
496,b,a,3417.6684339313765,10.0,1999.0,1,2014.0,42.0,"Mar,Jun,Sept,Dec"
497,d,a,1011.7331505756569,1.0,1998.0,0,2014.0,44.0,
498,a,a,788.353031115887,2.0,2000.0,1,2012.0,19.0,"Feb,May,Aug,Nov"
499,a,a,568.5384034630698,,,1,2012.0,29.0,"Jan,Apr,Jul,Oct"
500,d,a,4607.85914338595,4.0,2011.0,1,2015.0,8.0,"Jan,Apr,Jul,Oct"
501,c,a,,4.0,2001.0,0,2010.0,48.0,
502,b,b,726.9030658432509,2.0,2013.0,1,2012.0,11.0,"Jan,Apr,Jul,Oct"
503,b,a,,5.0,2014.0,0,2012.0,34.0,
504,b,c,1039.0486090734857,3.0,2010.0,1,2014.0,28.0,"Jan,Apr,Jul,Oct"
505,c,a,2978.8555237723112,5.0,1995.0,1,2010.0,15.0,"Feb,May,Aug,Nov"
506,a,a,2223.361446585384,,,1,2012.0,25.0,"Jan,Apr,Jul,Oct"
507,a,a,1431.2312751770805,2.0,2007.0,1,2010.0,5.0,"Mar,Jun,Sept,Dec"
508,a,a,1082.7229261828204,4.0,2005.0,0,2015.0,39.0,
509,b,a,1633.9013457801639,4.0,1991.0,1,2014.0,6.0,"Feb,May,Aug,Nov"
510,b,a,3919.7174932108687,10.0,1999.0,0,2010.0,11.0,
511,c,b,1934.9507005923988,1.0,2013.0,0,2015.0,19.0,
512,c,a,3170.4246169347757,1.0,1992.0,0,2014.0,15.0,
513,a,a,4926.01059544935,7.0,2007.0,1,2013.0,7.0,"Mar,Jun,Sept,Dec"
514,a,a,848.6946167186188,3.0,2002.0,1,2011.0,43.0,"Jan,Apr,Jul,Oct"
515,a,a,2948.4784890754236,11.0,2008.0,1,2012.0,1.0,"Jan,Apr,Jul,Oct"
516,d,a,461.55044609592426,,,0,2015.0,44.0,
517,a,a,2477.107773409016,9.0,1990.0,1,2015.0,14.0,nan
518,a,c,4776.037436883968,7.0,2002.0,0,2013.0,19.0,
519,c,a,3641.4278496587012,,,1,2013.0,11.0,"Jan,Apr,Jul,Oct"
520,b,b,770.444790039207,12.0,1998.0,1,2012.0,21.0,"Mar,Jun,Sept,Dec"
521,c,a,2164.5714325209483,,,0,2013.0,52.0,
522,a,a,,7.0,1997.0,0,2013.0,47.0,
523,c,c,2764.276035788657,4.0,1995.0,1,2013.0,29.0,"Mar,Jun,Sept,Dec"
524,a,b,2281.6109734851157,7.0,1993.0,1,2010.0,7.0,nan
525,a,a,1432.7656064606194,4.0,2012.0,1,2014.0,43.0,"Jan,Apr,Jul,Oct"
526,c,a,1697.9733023135466,11.0,1994.0,1,2013.0,47.0,nan
527,b,a,3222.6864681830343,4.0,2013.0,1,2011.0,10.0,"Jan,Apr,Jul,Oct"
528,a,a,,6.0,2001.0,1,2014.0,11.0,"Feb,May,Aug,Nov"
529,b,a,1425.5018126040782,9.0,1999.0,1,2011.0,52.0,"Mar,Jun,Sept,Dec"
530,b,a,1071.253432967678,6.0,2010.0,0,2012.0,10.0,
531,a,a,956.7303926663193,,,1,2011.0,22.0,nan
532,a,b,1621.585979854379,4.0,2015.0,0,2014.0,9.0,
533,a,a,2267.2625647462537,4.0,2012.0,1,2015.0,19.0,"Mar,Jun,Sept,Dec"
534,a,b,1320.225396417696,7.0,2014.0,0,2012.0,35.0,
535,a,a,,7.0,2014.0,1,2015.0,22.0,"Feb,May,Aug,Nov"
536,a,b,5946.570190776943,11.0,2015.0,1,2014.0,52.0,nan
537,b,a,2009.4438280984189,11.0,2004.0,1,2012.0,4.0,"Feb,May,Aug,Nov"
538,b,a,1885.455605238338,10.0,2007.0,0,2010.0,48.0,
539,c,a,,1.0,2012.0,1,2015.0,27.0,"Mar,Jun,Sept,Dec"
540,b,a,1626.1465747170253,8.0,1996.0,1,2014.0,4.0,nan
541,c,a,1622.0672251557867,9.0,2011.0,0,2014.0,45.0,
542,a,b,1474.0388581670459,2.0,1993.0,0,2013.0,45.0,
543,c,a,2127.520746631605,,,1,2012.0,25.0,"Feb,May,Aug,Nov"
544,b,a,976.525087780474,,,0,2011.0,41.0,
545,a,a,3271.450983754561,3.0,1991.0,1,2015.0,17.0,"Feb,May,Aug,Nov"
546,d,a,522.0312439816383,2.0,1993.0,1,2014.0,48.0,nan
547,a,a,693.0566822720634,11.0,2002.0,1,2011.0,7.0,nan
548,a,a,1400.2448725264817,8.0,2015.0,1,2012.0,30.0,"Jan,Apr,Jul,Oct"
549,a,b,7429.110961686956,2.0,1998.0,0,2013.0,48.0,
550,b,c,1719.3701078054758,1.0,2006.0,0,2011.0,18.0,
551,a,b,3510.492668346415,11.0,1996.0,0,2010.0,21.0,
552,a,a,311.8035404151782,7.0,2002.0,1,2015.0,4.0,nan
553,b,a,1985.5524931750126,,,1,2015.0,19.0,"Jan,Apr,Jul,Oct"
554,c,a,1631.3120285832504,11.0,1991.0,1,2014.0,36.0,"Feb,May,Aug,Nov"
555,b,a,1502.6159579830748,5.0,2005.0,1,2010.0,51.0,"Feb,May,Aug,Nov"
556,c,a,1047.3553690262338,6.0,2003.0,1,2015.0,7.0,"Mar,Jun,Sept,Dec"
557,d,b,615.4907074679777,12.0,2007.0,0,2015.0,52.0,
558,a,a,1012.9584966457859,,,1,2012.0,45.0,nan
559,a,c,230.8570895402861,6.0,2010.0,1,2011.0,35.0,"Mar,Jun,Sept,Dec"
560,b,b,785.8556313486466,10.0,1997.0,1,2014.0,52.0,"Mar,Jun,Sept,Dec"
561,a,a,489.00792142765926,11.0,2005.0,1,2011.0,3.0,"Mar,Jun,Sept,Dec"
562,d,a,3567.396521225735,,,1,2014.0,10.0,"Mar,Jun,Sept,Dec"
563,b,b,575.5658959193082,,,1,2011.0,39.0,"Jan,Apr,Jul,Oct"
564,c,a,2137.461868634325,11.0,2010.0,1,2010.0,18.0,"Jan,Apr,Jul,Oct"
565,a,a,,,,0,2015.0,4.0,
566,b,a,813.8915897858747,12.0,2015.0,0,2014.0,47.0,
567,b,a,605.5621731189729,10.0,1991.0,0,2011.0,46.0,
568,c,b,1475.9943099342393,,,1,2012.0,12.0,nan
569,b,a,,4.0,1995.0,1,2011.0,18.0,"Feb,May,Aug,Nov"
570,a,b,,5.0,2013.0,1,2012.0,37.0,"Jan,Apr,Jul,Oct"
571,b,a,1325.8270701072006,,,0,2014.0,11.0,
572,a,b,19382.30596145656,11.0,1997.0,0,2013.0,20.0,
573,b,a,1832.7507053259606,3.0,2007.0,0,2014.0,44.0,
574,c,a,1353.2883524879983,10.0,1999.0,1,2011.0,7.0,"Jan,Apr,Jul,Oct"
575,a,a,2921.447310243051,3.0,2011.0,0,2010.0,5.0,
576,a,b,2206.6544822886663,9.0,2007.0,0,2011.0,18.0,
577,a,c,,,,1,2015.0,34.0,"Jan,Apr,Jul,Oct"
578,a,b,405.39684224733634,4.0,2011.0,1,2013.0,33.0,nan
579,a,a,1392.4618067689362,11.0,1995.0,1,2014.0,30.0,nan
580,a,a,2801.530213082406,,,0,2014.0,10.0,
581,a,a,,,,0,2010.0,23.0,
582,a,a,2903.6732514401638,5.0,2004.0,0,2011.0,33.0,
583,c,a,2317.5674918283835,2.0,1996.0,1,2011.0,40.0,"Jan,Apr,Jul,Oct"
584,a,a,2256.118990643686,8.0,2015.0,0,2010.0,48.0,
585,c,c,651.6882163610182,7.0,2000.0,0,2013.0,43.0,
586,a,a,521.0229577409468,10.0,2009.0,0,2015.0,47.0,
587,a,a,632.5126265805147,10.0,1991.0,1,2012.0,38.0,"Mar,Jun,Sept,Dec"
588,c,a,802.9359727633843,9.0,2004.0,1,2014.0,17.0,"Mar,Jun,Sept,Dec"
589,b,b,2156.613823323279,,,0,2011.0,24.0,
590,b,a,1036.914100613463,1.0,2012.0,1,2011.0,38.0,"Mar,Jun,Sept,Dec"
591,a,a,928.715082963565,10.0,2015.0,1,2012.0,30.0,nan
592,a,a,237.8111091100307,7.0,1993.0,1,2012.0,40.0,"Mar,Jun,Sept,Dec"
593,a,b,465.56088046953386,9.0,2005.0,0,2014.0,42.0,
594,a,a,1383.9024197426418,2.0,2009.0,1,2011.0,1.0,"Jan,Apr,Jul,Oct"
595,c,a,308.580894534368,12.0,2012.0,0,2014.0,9.0,
596,b,c,1329.5923771701644,11.0,2013.0,1,2011.0,38.0,"Mar,Jun,Sept,Dec"
597,a,b,1459.1209395728936,5.0,2010.0,1,2015.0,30.0,"Mar,Jun,Sept,Dec"
598,c,b,7538.406194222958,12.0,1995.0,1,2011.0,37.0,"Feb,May,Aug,Nov"
599,a,a,889.4828601306231,2.0,2009.0,0,2012.0,51.0,
600,c,a,5370.650731825106,,,0,2014.0,44.0,
601,a,b,4194.985968962053,11.0,2006.0,1,2015.0,33.0,"Feb,May,Aug,Nov"
602,c,a,1433.133539985037,11.0,2004.0,0,2014.0,13.0,
603,a,a,957.5243003266871,1.0,2014.0,1,2015.0,2.0,"Mar,Jun,Sept,Dec"
604,a,a,946.8611370831233,8.0,1998.0,0,2013.0,35.0,
605,a,c,680.8501190544347,12.0,1992.0,0,2015.0,42.0,
606,c,a,802.8018157131528,7.0,2010.0,1,2014.0,35.0,"Feb,May,Aug,Nov"
607,a,c,1511.0168165581345,,,1,2013.0,34.0,nan
608,a,a,4096.052573383668,10.0,2010.0,1,2013.0,42.0,"Jan,Apr,Jul,Oct"
609,a,b,402.19343494677645,6.0,2004.0,1,2012.0,21.0,"Mar,Jun,Sept,Dec"
610,a,a,1455.7622480879907,6.0,1999.0,0,2015.0,36.0,
611,a,c,2514.0768849392093,4.0,2004.0,0,2010.0,22.0,
612,a,a,801.2427007343607,10.0,1998.0,1,2013.0,34.0,nan
613,a,b,1074.0553096948904,8.0,2012.0,1,2013.0,51.0,"Feb,May,Aug,Nov"
614,b,a,556.469260442224,1.0,2007.0,1,2012.0,52.0,"Feb,May,Aug,Nov"
615,b,a,1239.1577673699694,4.0,1998.0,1,2013.0,1.0,nan
616,c,b,620.9079191997641,7.0,1992.0,1,2014.0,43.0,"Feb,May,Aug,Nov"
617,a,a,1730.2640568975967,10.0,2010.0,0,2014.0,14.0,
618,c,b,,3.0,1995.0,1,2015.0,9.0,"Jan,Apr,Jul,Oct"
619,a,b,1170.5398150153962,2.0,2000.0,0,2012.0,44.0,
620,b,a,697.3477176074067,7.0,1992.0,0,2012.0,4.0,
621,d,a,998.2012849046812,,,0,2011.0,13.0,
622,c,a,641.8260335551728,1.0,1994.0,1,2012.0,19.0,"Feb,May,Aug,Nov"
623,a,a,2538.8255615356547,2.0,2012.0,1,2010.0,13.0,nan
624,a,b,798.2404143462005,7.0,1991.0,1,2015.0,13.0,"Feb,May,Aug,Nov"
625,b,b,2967.724236560071,7.0,2005.0,1,2015.0,3.0,"Feb,May,Aug,Nov"
626,a,a,2654.053004632197,,,0,2013.0,20.0,
627,c,a,779.1347629590911,9.0,2002.0,0,2011.0,19.0,
628,c,a,974.9635000733865,,,0,2011.0,41.0,
629,b,c,958.1552681131715,,,1,2015.0,33.0,"Feb,May,Aug,Nov"
630,c,b,3125.4377178888535,10.0,1997.0,0,2013.0,52.0,
631,a,a,3383.565178383876,,,0,2010.0,25.0,
632,a,b,223.71937010682532,2.0,2000.0,1,2011.0,15.0,nan
633,a,a,,12.0,1992.0,1,2014.0,3.0,nan
634,a,b,2565.8955845943597,4.0,1993.0,0,2013.0,49.0,
635,a,a,2805.0100045163017,11.0,2001.0,1,2013.0,12.0,nan
636,b,a,2740.4956089856946,8.0,2013.0,0,2014.0,44.0,
637,a,a,6901.076722443122,1.0,1991.0,0,2014.0,33.0,
638,c,a,2831.827210482631,10.0,2011.0,1,2012.0,34.0,nan
639,a,a,248.30625246955282,9.0,2013.0,0,2010.0,2.0,
640,c,b,787.2401038815572,,,1,2011.0,42.0,"Mar,Jun,Sept,Dec"
641,a,a,125.5666018555811,1.0,2010.0,1,2011.0,14.0,nan
642,a,a,941.8294179138244,10.0,2012.0,1,2010.0,27.0,"Jan,Apr,Jul,Oct"
643,c,a,6579.520652307032,3.0,2004.0,1,2012.0,19.0,nan
644,a,a,748.7228397204606,,,0,2010.0,29.0,
645,b,a,1111.711826405589,8.0,1996.0,1,2015.0,5.0,"Mar,Jun,Sept,Dec"
646,a,a,1503.9868301319118,,,0,2011.0,45.0,
647,c,a,13582.519610370084,8.0,2010.0,0,2013.0,18.0,
648,a,a,1200.8693584719927,,,0,2015.0,44.0,
649,b,a,,2.0,1992.0,1,2013.0,14.0,"Mar,Jun,Sept,Dec"
650,a,a,,7.0,2001.0,0,2012.0,41.0,
651,a,a,1050.4503078041162,10.0,1995.0,0,2010.0,29.0,
652,c,a,751.7677932945172,,,0,2015.0,48.0,
653,c,a,952.1172982661412,9.0,1992.0,0,2012.0,18.0,
654,c,a,1154.1152664256422,5.0,2000.0,1,2012.0,40.0,nan
655,a,a,369.5409708069901,12.0,1999.0,1,2015.0,41.0,"Feb,May,Aug,Nov"
656,b,b,994.3613417674923,7.0,2015.0,1,2010.0,27.0,"Feb,May,Aug,Nov"
657,a,a,,5.0,1995.0,0,2011.0,12.0,
658,a,b,,10.0,2012.0,1,2014.0,50.0,"Mar,Jun,Sept,Dec"
659,a,b,530.0052068627181,5.0,1993.0,1,2011.0,24.0,nan
660,a,c,1595.3430634733108,11.0,2012.0,1,2014.0,14.0,"Mar,Jun,Sept,Dec"
661,b,b,783.4802609798551,1.0,2002.0,0,2010.0,30.0,
662,c,a,6348.088527896514,1.0,1995.0,0,2010.0,19.0,
663,d,a,778.0013308116095,4.0,2005.0,0,2014.0,24.0,
664,a,a,884.1333041285621,1.0,2011.0,1,2010.0,23.0,"Jan,Apr,Jul,Oct"
665,b,b,2425.5010707965125,8.0,1993.0,0,2013.0,50.0,
666,a,b,6048.01241557558,3.0,2003.0,0,2013.0,9.0,
667,a,a,1941.4276108863376,2.0,1994.0,1,2011.0,10.0,nan
668,d,b,1745.2898818221893,,,0,2011.0,8.0,
669,a,a,2227.2938142161024,,,0,2013.0,15.0,
670,a,b,1561.703040700039,,,1,2010.0,22.0,"Jan,Apr,Jul,Oct"
671,b,a,990.0584501032675,4.0,1990.0,0,2014.0,19.0,
672,a,a,2951.154806543263,,,1,2014.0,44.0,"Jan,Apr,Jul,Oct"
673,c,a,652.8901212470865,8.0,1994.0,1,2014.0,25.0,nan
674,b,b,1134.2733448127697,,,0,2010.0,4.0,
675,a,a,537.9303507940022,2.0,2005.0,1,2014.0,14.0,"Jan,Apr,Jul,Oct"
676,a,a,,11.0,2005.0,1,2013.0,9.0,"Feb,May,Aug,Nov"
677,b,a,2677.269163270672,7.0,1995.0,1,2012.0,14.0,"Jan,Apr,Jul,Oct"
678,b,b,1322.670101631287,12.0,2006.0,1,2010.0,42.0,"Feb,May,Aug,Nov"
679,a,a,1219.0158146321435,,,0,2015.0,44.0,
680,c,a,2446.3298843241214,3.0,1991.0,1,2010.0,42.0,nan
681,a,a,971.4761698940238,2.0,2012.0,1,2015.0,44.0,"Jan,Apr,Jul,Oct"
682,a,a,760.9096432868624,8.0,2005.0,0,2011.0,25.0,
683,a,a,1873.1000055698214,,,1,2015.0,33.0,"Jan,Apr,Jul,Oct"
684,a,a,1466.1287714699945,3.0,2011.0,0,2012.0,47.0,
685,a,a,261.34890402943347,9.0,1997.0,0,2010.0,31.0,
686,a,a,5144.661536492165,4.0,2009.0,1,2013.0,27.0,"Mar,Jun,Sept,Dec"
687,a,c,,3.0,2000.0,1,2011.0,11.0,"Mar,Jun,Sept,Dec"
688,a,b,1352.6143990440753,2.0,2008.0,0,2013.0,11.0,
689,a,a,935.7407656729033,4.0,1990.0,0,2014.0,27.0,
690,a,a,921.896540727069,9.0,2009.0,1,2013.0,30.0,nan
691,a,b,1317.0005944586358,10.0,1993.0,1,2013.0,46.0,"Jan,Apr,Jul,Oct"
692,b,a,2618.4657818873775,7.0,2015.0,1,2013.0,27.0,"Mar,Jun,Sept,Dec"
693,a,a,2254.116569561697,6.0,2009.0,0,2012.0,45.0,
694,a,b,617.3303988301183,7.0,2007.0,0,2015.0,19.0,
695,b,a,596.2201091772,2.0,2005.0,1,2012.0,13.0,"Mar,Jun,Sept,Dec"
696,a,a,14744.997745734388,5.0,1999.0,0,2011.0,18.0,
697,a,b,674.4283471183711,2.0,1996.0,0,2014.0,10.0,
698,a,c,3840.8713576284285,11.0,2003.0,0,2012.0,16.0,
699,a,a,618.4506505869317,8.0,2004.0,1,2011.0,22.0,"Mar,Jun,Sept,Dec"
700,a,a,2564.421119715589,11.0,2012.0,1,2011.0,24.0,"Feb,May,Aug,Nov"
701,a,c,,11.0,1999.0,1,2014.0,47.0,"Mar,Jun,Sept,Dec"
702,c,b,3074.9716951013993,10.0,1995.0,0,2015.0,24.0,
703,a,b,8091.983475116173,7.0,1999.0,0,2015.0,41.0,
704,d,a,1092.761291653542,6.0,1997.0,0,2011.0,41.0,
705,a,b,4689.265765067258,,,0,2011.0,19.0,
706,a,c,4769.249802950349,6.0,1994.0,1,2015.0,30.0,"Jan,Apr,Jul,Oct"
707,c,a,,9.0,2015.0,1,2012.0,46.0,nan
708,a,b,4695.811408518982,3.0,1999.0,0,2015.0,33.0,
709,b,b,1424.0767386342277,9.0,1998.0,1,2012.0,12.0,"Feb,May,Aug,Nov"
710,a,a,988.6852040820894,2.0,2008.0,0,2011.0,44.0,
711,c,b,1446.3262827429771,9.0,2004.0,1,2014.0,2.0,"Feb,May,Aug,Nov"
712,a,c,2929.4620708225525,7.0,2014.0,1,2015.0,45.0,"Mar,Jun,Sept,Dec"
713,c,a,,5.0,2008.0,1,2013.0,18.0,"Feb,May,Aug,Nov"
714,a,b,3718.4612790693814,8.0,2005.0,0,2012.0,45.0,
715,a,b,,8.0,2009.0,0,2013.0,14.0,
716,b,c,453.064076078539,1.0,2014.0,1,2012.0,9.0,"Feb,May,Aug,Nov"
717,a,a,3436.9807400020595,8.0,2003.0,0,2010.0,36.0,
718,a,a,3146.1262075162663,1.0,2006.0,0,2014.0,3.0,
719,a,b,2059.5173410500634,2.0,1991.0,1,2012.0,21.0,"Mar,Jun,Sept,Dec"
720,a,b,632.0590163660676,10.0,2003.0,1,2010.0,25.0,"Mar,Jun,Sept,Dec"
721,a,a,6039.550280000571,5.0,1991.0,0,2010.0,33.0,
722,c,b,1108.7407208091327,,,1,2012.0,20.0,nan
723,b,b,695.0625706662569,4.0,2008.0,1,2014.0,33.0,"Feb,May,Aug,Nov"
724,c,a,2245.6332340575914,9.0,2007.0,0,2015.0,43.0,
725,a,a,1929.5598245051701,1.0,2010.0,1,2012.0,10.0,"Jan,Apr,Jul,Oct"
726,a,c,202.06931420443547,,,1,2015.0,46.0,"Mar,Jun,Sept,Dec"
727,a,a,2572.142591975014,9.0,1996.0,0,2015.0,35.0,
728,c,b,1048.9151321910788,9.0,1996.0,0,2015.0,45.0,
729,c,a,2944.515754452021,8.0,2001.0,0,2013.0,26.0,
730,b,a,3223.6512610736577,,,1,2013.0,39.0,"Jan,Apr,Jul,Oct"
731,a,a,,12.0,2001.0,1,2010.0,3.0,"Mar,Jun,Sept,Dec"
732,a,c,3220.375889788919,7.0,2013.0,1,2011.0,52.0,"Mar,Jun,Sept,Dec"
733,b,a,3670.2727103046536,4.0,2014.0,0,2012.0,50.0,
734,c,a,1099.2817075117698,12.0,2006.0,1,2013.0,18.0,"Mar,Jun,Sept,Dec"
735,b,a,1737.6636010304826,5.0,2000.0,1,2012.0,17.0,"Mar,Jun,Sept,Dec"
736,b,a,,12.0,1996.0,0,2012.0,4.0,
737,a,a,,12.0,2015.0,0,2012.0,49.0,
738,b,b,888.4648971522101,,,0,2011.0,12.0,
739,b,a,958.9391027648865,,,1,2013.0,19.0,"Feb,May,Aug,Nov"
740,a,a,3301.6046393815404,,,1,2011.0,35.0,nan
741,a,a,5849.11778391906,,,0,2014.0,10.0,
742,c,a,685.5081730446941,,,1,2012.0,44.0,"Mar,Jun,Sept,Dec"
743,c,a,1519.9189220505752,10.0,2005.0,0,2012.0,31.0,
744,c,a,1325.428781037643,12.0,2004.0,1,2011.0,3.0,nan
745,a,a,954.1309841154532,,,1,2013.0,17.0,"Mar,Jun,Sept,Dec"
746,a,c,817.9100872902417,11.0,2011.0,1,2013.0,44.0,nan
747,a,b,2547.284106053984,1.0,1996.0,1,2010.0,11.0,"Jan,Apr,Jul,Oct"
748,c,b,2907.0835317001383,10.0,2000.0,0,2012.0,14.0,
749,c,c,722.6249283271529,9.0,1998.0,0,2011.0,5.0,
750,a,b,238.2167479055342,6.0,2000.0,1,2013.0,43.0,nan
751,a,a,991.2676319803742,9.0,2015.0,1,2014.0,26.0,"Mar,Jun,Sept,Dec"
752,a,a,409.9581592303533,9.0,1994.0,1,2015.0,4.0,"Mar,Jun,Sept,Dec"
753,a,b,2587.0719320290145,9.0,1992.0,1,2015.0,20.0,nan
754,d,a,,8.0,1996.0,1,2015.0,13.0,nan
755,a,a,446.2805402528028,9.0,2004.0,0,2013.0,4.0,
756,c,b,2567.1267293068986,,,1,2013.0,22.0,"Mar,Jun,Sept,Dec"
757,c,a,2892.578882330484,11.0,2013.0,0,2011.0,24.0,
758,a,a,2450.729755979074,,,1,2012.0,18.0,"Mar,Jun,Sept,Dec"
759,d,a,525.7220844323599,9.0,2014.0,0,2015.0,1.0,
760,b,a,,2.0,1999.0,0,2014.0,9.0,
761,a,a,2378.045242862701,2.0,2013.0,1,2014.0,12.0,"Feb,May,Aug,Nov"
762,a,a,1576.5168113668158,6.0,2011.0,0,2014.0,27.0,
763,c,a,296.69232649817855,2.0,2006.0,0,2010.0,40.0,
764,c,b,1955.5520706461496,9.0,2009.0,1,2015.0,38.0,nan
765,b,a,3080.6286064545266,12.0,1993.0,1,2010.0,31.0,"Jan,Apr,Jul,Oct"
766,a,a,2079.1451587220463,5.0,2000.0,1,2010.0,36.0,"Jan,Apr,Jul,Oct"
767,a,a,2192.457394095802,1.0,2010.0,1,2012.0,48.0,"Feb,May,Aug,Nov"
768,a,a,1153.6581681353664,1.0,1991.0,1,2010.0,48.0,"Feb,May,Aug,Nov"
769,b,b,3234.8203539729734,5.0,2003.0,0,2011.0,30.0,
770,a,a,1188.973739244154,5.0,1996.0,1,2011.0,5.0,"Jan,Apr,Jul,Oct"
771,a,b,972.308336591601,1.0,1992.0,1,2010.0,38.0,"Jan,Apr,Jul,Oct"
772,b,a,5695.31344407663,7.0,2004.0,1,2015.0,28.0,"Feb,May,Aug,Nov"
773,a,c,7925.407545580264,,,1,2011.0,25.0,"Jan,Apr,Jul,Oct"
774,a,a,1314.8525135579507,6.0,1997.0,1,2010.0,34.0,"Feb,May,Aug,Nov"
775,c,b,,4.0,1994.0,0,2014.0,47.0,
776,c,b,886.7429504266836,2.0,1993.0,0,2010.0,51.0,
777,a,b,1247.6434503886376,2.0,1999.0,1,2014.0,36.0,"Feb,May,Aug,Nov"
778,b,a,4756.432583369948,6.0,2014.0,0,2014.0,11.0,
779,a,a,1961.5199715926678,5.0,2003.0,0,2013.0,37.0,
780,c,a,,6.0,1997.0,0,2015.0,42.0,
781,b,a,253.0174546655531,,,1,2012.0,9.0,"Feb,May,Aug,Nov"
782,b,b,7081.377756558162,2.0,2012.0,0,2013.0,18.0,
783,c,a,,,,1,2015.0,2.0,"Feb,May,Aug,Nov"
784,a,b,346.07501557398655,11.0,2008.0,0,2013.0,34.0,
785,c,b,2812.2688615561806,,,0,2011.0,28.0,
786,a,c,,,,0,2011.0,6.0,
787,a,a,2469.7093625528178,10.0,1995.0,0,2015.0,35.0,
788,a,a,1928.3710012908518,5.0,1995.0,1,2015.0,38.0,"Mar,Jun,Sept,Dec"
789,a,a,622.3297144063723,7.0,2002.0,1,2010.0,21.0,"Jan,Apr,Jul,Oct"
790,a,c,640.876494682311,,,1,2014.0,52.0,"Mar,Jun,Sept,Dec"
791,a,b,1707.5150975291926,8.0,1998.0,0,2015.0,44.0,
792,c,a,433.93466124559114,10.0,2010.0,1,2015.0,13.0,"Jan,Apr,Jul,Oct"
793,b,a,1638.7398084590593,3.0,2015.0,0,2015.0,3.0,
794,c,a,2963.6053986077955,12.0,2015.0,0,2010.0,27.0,
795,b,a,2558.001484393757,3.0,1994.0,0,2011.0,1.0,
796,b,a,1329.9765762274983,8.0,2009.0,0,2015.0,25.0,
797,c,a,297.64694646227053,3.0,1997.0,1,2015.0,52.0,"Jan,Apr,Jul,Oct"
798,b,b,1016.5954994407547,11.0,1991.0,0,2014.0,44.0,
799,b,a,1935.0991417612809,1.0,2006.0,0,2014.0,37.0,
800,b,a,,11.0,2008.0,0,2010.0,10.0,
801,b,b,,9.0,2010.0,0,2013.0,6.0,
802,a,a,1942.0720959272494,,,0,2010.0,1.0,
803,b,a,3019.4352184295667,12.0,2014.0,0,2012.0,8.0,
804,a,a,4132.233339022586,,,0,2010.0,4.0,
805,a,a,1565.763656497722,11.0,1998.0,1,2010.0,7.0,"Jan,Apr,Jul,Oct"
806,a,a,1209.0261709082201,11.0,1999.0,0,2014.0,33.0,
807,b,a,2298.1315985342267,2.0,2009.0,0,2012.0,34.0,
808,c,a,3042.3597440728863,2.0,1996.0,1,2015.0,14.0,"Jan,Apr,Jul,Oct"
809,b,a,475.52116872236076,8.0,2000.0,1,2014.0,3.0,"Jan,Apr,Jul,Oct"
810,b,a,303.15265767050124,7.0,1991.0,1,2013.0,10.0,nan
811,b,c,2772.3534545693083,3.0,2001.0,1,2014.0,12.0,"Jan,Apr,Jul,Oct"
812,b,b,1188.4235483913915,7.0,1999.0,1,2011.0,21.0,"Mar,Jun,Sept,Dec"
813,a,a,2142.0462772976543,6.0,1990.0,1,2012.0,51.0,"Jan,Apr,Jul,Oct"
814,a,b,2031.619246501623,5.0,2000.0,0,2011.0,17.0,
815,b,b,1403.8077574960978,6.0,2015.0,0,2015.0,8.0,
816,a,b,5422.414935886629,4.0,2011.0,0,2012.0,27.0,
817,a,b,1693.242407387954,11.0,2015.0,0,2011.0,23.0,
818,c,a,1185.899029140254,,,1,2013.0,38.0,"Mar,Jun,Sept,Dec"
819,b,a,1443.6132982559677,1.0,2015.0,0,2014.0,51.0,
820,a,a,252.94234216725084,6.0,1999.0,1,2013.0,45.0,"Mar,Jun,Sept,Dec"
821,a,a,1862.5920632583202,,,1,2015.0,32.0,"Mar,Jun,Sept,Dec"
822,a,a,1001.7601019410242,11.0,2001.0,0,2014.0,26.0,
823,a,b,1758.105547033435,3.0,2015.0,0,2011.0,20.0,
824,d,b,1604.7444861168658,7.0,2000.0,0,2013.0,17.0,
825,c,b,541.4582768422969,,,1,2010.0,18.0,"Mar,Jun,Sept,Dec"
826,b,a,3407.9194003107327,8.0,2009.0,1,2010.0,21.0,nan
827,a,a,7730.752103575922,11.0,2010.0,1,2012.0,24.0,"Mar,Jun,Sept,Dec"
828,a,b,10323.292459775495,5.0,2007.0,1,2010.0,41.0,"Mar,Jun,Sept,Dec"
829,a,a,1296.0863367137677,4.0,1991.0,1,2011.0,35.0,"Jan,Apr,Jul,Oct"
830,b,a,819.0218661263776,9.0,1999.0,0,2014.0,19.0,
831,a,c,5108.742530681718,10.0,2008.0,1,2015.0,20.0,nan
832,a,a,1043.5248250719721,4.0,1998.0,1,2010.0,36.0,"Jan,Apr,Jul,Oct"
833,a,a,2136.603039149909,12.0,1990.0,0,2014.0,23.0,
834,b,a,581.0247107822182,3.0,2005.0,1,2011.0,22.0,nan
835,c,b,4725.01814755408,9.0,2012.0,0,2010.0,4.0,
836,a,b,5429.698190968122,6.0,2013.0,1,2014.0,48.0,"Jan,Apr,Jul,Oct"
837,d,b,2357.289796941277,11.0,1999.0,0,2012.0,9.0,
838,a,a,,5.0,2013.0,1,2013.0,10.0,nan
839,a,c,2166.261857629478,4.0,2012.0,0,2010.0,42.0,
840,a,a,500.19888645597405,5.0,2013.0,1,2015.0,12.0,"Jan,Apr,Jul,Oct"
841,a,a,349.11116640599437,1.0,2001.0,0,2010.0,33.0,
842,b,b,2600.5861080740688,4.0,2010.0,0,2011.0,28.0,
843,c,c,,9.0,2015.0,0,2010.0,41.0,
844,a,c,1386.5909068840156,3.0,2001.0,0,2012.0,38.0,
845,b,b,568.1931136946902,4.0,1996.0,0,2015.0,2.0,
846,a,c,1486.2490653152418,,,0,2011.0,14.0,
847,a,a,,12.0,2010.0,1,2014.0,19.0,"Mar,Jun,Sept,Dec"
848,c,b,7333.727372602476,9.0,1992.0,0,2014.0,7.0,
849,a,c,1007.3428268744849,9.0,1999.0,0,2015.0,19.0,
850,a,b,880.6536317158782,8.0,2001.0,1,2012.0,3.0,"Feb,May,Aug,Nov"
851,a,a,2681.8005981948036,3.0,1996.0,1,2012.0,32.0,"Feb,May,Aug,Nov"
852,d,a,,6.0,1992.0,0,2010.0,45.0,
853,c,b,692.7460408992654,4.0,2007.0,0,2013.0,24.0,
854,a,a,780.1658050211681,,,0,2013.0,19.0,
855,a,a,2270.5391956209337,2.0,2000.0,1,2010.0,9.0,"Feb,May,Aug,Nov"
856,a,a,3084.528150468373,7.0,1994.0,1,2015.0,30.0,"Mar,Jun,Sept,Dec"
857,a,c,2826.2942118246324,5.0,2008.0,0,2015.0,48.0,
858,a,a,1794.1002220510113,11.0,1990.0,1,2014.0,9.0,"Mar,Jun,Sept,Dec"
859,a,a,2120.8664587951753,9.0,2013.0,0,2010.0,38.0,
860,a,a,385.5593304159423,5.0,2001.0,1,2013.0,45.0,nan
861,b,a,6548.462545455726,6.0,1995.0,1,2012.0,42.0,"Mar,Jun,Sept,Dec"
862,a,a,364.77056662683304,10.0,2010.0,1,2015.0,22.0,"Feb,May,Aug,Nov"
863,b,a,2481.191347075653,8.0,2012.0,0,2011.0,6.0,
864,b,a,6256.3569415526135,7.0,1995.0,0,2013.0,12.0,
865,a,a,797.3728159630026,12.0,1996.0,1,2010.0,18.0,"Feb,May,Aug,Nov"
866,b,c,705.0616007693667,7.0,1992.0,1,2011.0,44.0,nan
867,a,c,420.6689322663963,7.0,2012.0,1,2014.0,8.0,"Jan,Apr,Jul,Oct"
868,d,a,1342.453146426312,,,1,2010.0,38.0,"Mar,Jun,Sept,Dec"
869,a,a,1654.5158291204323,7.0,1995.0,0,2012.0,26.0,
870,a,a,5820.915336519706,2.0,2015.0,0,2011.0,32.0,
871,a,a,4811.259563827483,6.0,1999.0,1,2010.0,44.0,"Jan,Apr,Jul,Oct"
872,b,b,705.9623353098913,,,0,2013.0,46.0,
873,c,a,2185.1902897473346,,,0,2010.0,41.0,
874,a,a,3984.3582454827947,,,0,2010.0,48.0,
875,a,a,9119.370445349068,6.0,1997.0,1,2011.0,7.0,"Jan,Apr,Jul,Oct"
876,b,b,1955.1528247908316,3.0,2008.0,1,2014.0,45.0,nan
877,b,a,2381.9272815009986,8.0,2002.0,0,2012.0,50.0,
878,b,a,971.9901334578103,10.0,2014.0,1,2012.0,3.0,"Jan,Apr,Jul,Oct"
879,b,a,550.4427709545382,8.0,2000.0,1,2012.0,1.0,"Feb,May,Aug,Nov"
880,a,a,3114.98431352668,12.0,1992.0,0,2013.0,3.0,
881,a,a,1744.4497039711753,1.0,1990.0,0,2013.0,15.0,
882,a,b,,10.0,2000.0,1,2014.0,20.0,"Feb,May,Aug,Nov"
883,b,a,1582.3957976602328,11.0,2004.0,1,2015.0,19.0,"Jan,Apr,Jul,Oct"
884,d,a,537.5152311445182,6.0,1994.0,0,2013.0,35.0,
885,a,c,1097.095684410504,11.0,2010.0,1,2010.0,41.0,"Jan,Apr,Jul,Oct"
886,a,a,5237.938216758038,1.0,2004.0,1,2010.0,3.0,"Mar,Jun,Sept,Dec"
887,a,a,247.56057273923406,,,0,2010.0,2.0,
888,a,a,1841.0352570612774,10.0,2006.0,0,2012.0,18.0,
889,c,a,809.6600146583787,1.0,2009.0,0,2015.0,52.0,
890,c,a,,,,0,2015.0,16.0,
891,a,c,922.8697127989232,11.0,2007.0,0,2010.0,17.0,
892,a,a,2395.9306431607897,7.0,1990.0,0,2011.0,30.0,
893,b,a,,1.0,1990.0,1,2010.0,4.0,"Feb,May,Aug,Nov"
894,b,b,1595.3707182764517,9.0,1992.0,0,2013.0,8.0,
895,d,b,583.2503583630886,5.0,2000.0,0,2013.0,30.0,
896,b,a,,9.0,1996.0,1,2013.0,27.0,"Feb,May,Aug,Nov"
897,b,b,1213.9666757888797,4.0,1997.0,1,2013.0,49.0,"Feb,May,Aug,Nov"
898,a,b,4475.921505403602,9.0,2015.0,0,2011.0,34.0,
899,a,a,1000.4255196151909,,,1,2010.0,26.0,nan
900,c,a,396.82258368029363,12.0,2014.0,0,2011.0,19.0,
901,a,a,2809.167520299914,8.0,2014.0,1,2011.0,48.0,nan
902,a,a,4181.823292775675,5.0,1996.0,1,2010.0,17.0,"Feb,May,Aug,Nov"
903,a,b,1120.3617639369215,7.0,2008.0,1,2015.0,50.0,"Feb,May,Aug,Nov"
904,a,c,1591.9263704823088,6.0,1993.0,0,2014.0,25.0,
905,c,b,2110.1791908477617,2.0,1993.0,1,2015.0,48.0,"Jan,Apr,Jul,Oct"
906,a,a,412.30342121258036,7.0,2012.0,1,2014.0,13.0,nan
907,c,a,1058.351259934566,5.0,1998.0,1,2010.0,23.0,nan
908,a,b,1344.5218777378961,11.0,1996.0,1,2011.0,28.0,"Feb,May,Aug,Nov"
909,d,a,4691.017182965495,,,0,2012.0,38.0,
910,b,a,2320.1028376744084,,,1,2014.0,1.0,"Mar,Jun,Sept,Dec"
911,b,b,5297.859894057216,6.0,1998.0,1,2015.0,48.0,"Jan,Apr,Jul,Oct"
912,a,a,1733.9033775537946,8.0,1993.0,1,2015.0,21.0,"Feb,May,Aug,Nov"
913,b,a,4767.475879405377,10.0,2011.0,0,2012.0,2.0,
914,a,a,1988.6999492861173,8.0,1994.0,0,2012.0,30.0,
915,c,b,805.7603649568135,6.0,2008.0,0,2010.0,9.0,
916,d,a,1888.3170572766483,1.0,2007.0,0,2012.0,35.0,
917,a,a,,7.0,2012.0,1,2014.0,29.0,"Jan,Apr,Jul,Oct"
918,b,b,2155.941117935331,4.0,1994.0,1,2011.0,32.0,nan
919,c,a,13465.21860409176,,,1,2010.0,21.0,nan
920,a,a,,3.0,1997.0,1,2010.0,51.0,nan
921,b,a,5924.75155407364,4.0,1993.0,0,2015.0,30.0,
922,c,b,,7.0,2012.0,0,2013.0,8.0,
923,a,a,194.084833503142,1.0,1990.0,1,2013.0,14.0,nan
924,b,b,4494.22490699333,8.0,2014.0,1,2012.0,39.0,"Jan,Apr,Jul,Oct"
925,c,b,2612.4142057087315,9.0,1994.0,1,2012.0,25.0,"Feb,May,Aug,Nov"
926,a,a,221.97903773277216,6.0,1995.0,0,2011.0,3.0,
927,c,b,,,,0,2011.0,46.0,
928,c,a,1436.0402001467419,6.0,1994.0,1,2012.0,13.0,"Jan,Apr,Jul,Oct"
929,a,a,944.7006346856263,1.0,1995.0,0,2013.0,12.0,
930,a,b,3447.4040706364067,5.0,2001.0,0,2010.0,2.0,
931,c,a,397.07171882066575,2.0,2001.0,1,2013.0,6.0,nan
932,a,a,,10.0,2011.0,1,2012.0,6.0,"Mar,Jun,Sept,Dec"
933,c,a,,,,0,2013.0,41.0,
934,a,a,1655.6350035376458,5.0,2007.0,1,2012.0,28.0,"Jan,Apr,Jul,Oct"
935,c,b,1429.2238697615226,9.0,1999.0,0,2013.0,31.0,
936,a,c,1296.7963111823185,5.0,1995.0,0,2014.0,33.0,
937,a,a,1005.2334918017744,5.0,2008.0,1,2012.0,7.0,"Feb,May,Aug,Nov"
938,b,c,2227.071082542558,12.0,2008.0,0,2015.0,35.0,
939,a,a,2681.2567334518767,6.0,2011.0,0,2011.0,8.0,
940,b,c,1348.1705605714315,,,1,2011.0,13.0,nan
941,a,a,5355.917250120762,10.0,1993.0,1,2013.0,30.0,"Jan,Apr,Jul,Oct"
942,a,c,1180.4762906272492,,,1,2015.0,6.0,nan
943,c,b,1552.448696431784,,,0,2012.0,41.0,
944,d,c,921.3135748818743,4.0,2009.0,1,2013.0,19.0,"Jan,Apr,Jul,Oct"
945,a,b,3319.0400500549313,11.0,2011.0,0,2010.0,22.0,
946,a,a,798.1703267810175,2.0,2007.0,0,2012.0,41.0,
947,a,a,,,,0,2015.0,40.0,
948,d,c,1604.3023435794942,7.0,2003.0,0,2015.0,18.0,
949,c,a,1401.7263725042417,2.0,2004.0,0,2014.0,36.0,
950,b,a,5954.290174602569,6.0,2015.0,1,2014.0,51.0,"Feb,May,Aug,Nov"
951,c,a,934.5637290408789,1.0,2013.0,1,2015.0,21.0,"Jan,Apr,Jul,Oct"
952,b,b,2523.2302577148916,5.0,2010.0,1,2014.0,8.0,nan
953,a,a,1582.2751264363587,12.0,1998.0,0,2012.0,47.0,
954,c,a,,11.0,1992.0,1,2010.0,52.0,"Feb,May,Aug,Nov"
955,a,a,,3.0,2008.0,0,2011.0,6.0,
956,a,b,423.67705168475516,10.0,2013.0,1,2014.0,28.0,"Mar,Jun,Sept,Dec"
957,a,a,157.6577726137738,5.0,2010.0,0,2011.0,1.0,
958,c,b,425.27971371277107,5.0,2004.0,1,2010.0,22.0,"Feb,May,Aug,Nov"
959,a,a,3417.5715716902478,10.0,2005.0,1,2015.0,18.0,nan
960,a,b,5039.84416889379,,,1,2013.0,1.0,"Jan,Apr,Jul,Oct"
961,a,a,2861.210794792201,,,1,2010.0,32.0,"Feb,May,Aug,Nov"
962,a,a,1291.606923050798,7.0,1996.0,0,2014.0,10.0,
963,c,a,1019.8928008282942,,,1,2012.0,27.0,nan
964,b,c,2624.422673915273,7.0,2012.0,1,2011.0,49.0,"Mar,Jun,Sept,Dec"
965,a,a,911.3735098104777,6.0,1991.0,1,2012.0,41.0,"Mar,Jun,Sept,Dec"
966,a,b,1982.4725323986581,1.0,2013.0,0,2015.0,37.0,
967,a,b,1759.958015444008,11.0,2008.0,1,2011.0,44.0,"Mar,Jun,Sept,Dec"
968,b,c,504.41449984694594,5.0,1993.0,1,2014.0,36.0,"Mar,Jun,Sept,Dec"
969,c,b,5246.169346340909,6.0,1999.0,0,2010.0,29.0,
970,b,a,1280.2180615956552,8.0,2014.0,0,2010.0,52.0,
971,a,a,836.0824279000269,2.0,1990.0,0,2014.0,51.0,
972,d,b,1485.6062434663797,,,1,2010.0,22.0,nan
973,a,a,,7.0,2002.0,1,2011.0,32.0,nan
974,c,b,847.3100648850402,,,1,2013.0,49.0,"Feb,May,Aug,Nov"
975,a,a,631.1936879710228,3.0,2005.0,1,2015.0,24.0,"Jan,Apr,Jul,Oct"
976,c,b,1966.2628779007189,4.0,2003.0,1,2012.0,13.0,"Jan,Apr,Jul,Oct"
977,a,a,2275.817680891943,6.0,1998.0,0,2012.0,3.0,
978,a,a,770.1546746894326,6.0,2007.0,1,2012.0,43.0,nan
979,a,b,3117.8609461138158,3.0,2010.0,0,2012.0,27.0,
980,c,a,1107.8090694404405,8.0,2010.0,1,2011.0,32.0,nan
981,a,a,,1.0,1999.0,0,2010.0,3.0,
982,b,a,2174.185245493258,,,1,2013.0,26.0,nan
983,a,a,553.3911549778333,10.0,1995.0,1,2012.0,37.0,"Mar,Jun,Sept,Dec"
984,d,a,1969.1208862915714,,,1,2011.0,45.0,nan
985,b,b,,1.0,2003.0,1,2011.0,37.0,"Jan,Apr,Jul,Oct"
986,a,b,3263.0265846317434,,,0,2011.0,25.0,
987,a,a,4581.829293501125,7.0,2000.0,0,2014.0,6.0,
988,a,a,6707.86689177876,,,1,2012.0,6.0,"Mar,Jun,Sept,Dec"
989,b,a,3252.969483076146,,,1,2015.0,41.0,"Jan,Apr,Jul,Oct"
990,a,a,,,,0,2012.0,31.0,
991,b,a,448.71566457209735,8.0,1997.0,1,2014.0,45.0,"Jan,Apr,Jul,Oct"
992,b,b,2320.1894136170777,7.0,1995.0,0,2011.0,41.0,
993,a,b,913.3337693106045,9.0,1990.0,0,2014.0,34.0,
994,a,a,1173.4386711017103,6.0,1993.0,0,2012.0,5.0,
995,a,a,4009.5963905355434,7.0,2000.0,0,2010.0,41.0,
996,b,a,2534.1700302471622,10.0,2012.0,0,2012.0,5.0,
997,a,b,5873.915745830543,4.0,1992.0,0,2011.0,49.0,
998,a,a,,8.0,2008.0,1,2015.0,12.0,"Jan,Apr,Jul,Oct"
999,b,a,2689.3541376828443,7.0,1996.0,1,2012.0,39.0,nan
1000,a,b,329.12887055276735,8.0,2002.0,1,2015.0,2.0,"Feb,May,Aug,Nov"
1001,a,a,1980.1922479993461,,,0,2014.0,20.0,
1002,a,c,,10.0,2003.0,0,2013.0,14.0,
1003,b,c,1173.8026668800467,2.0,1995.0,1,2015.0,2.0,"Jan,Apr,Jul,Oct"
1004,d,c,922.6042888527559,12.0,1994.0,1,2011.0,21.0,"Jan,Apr,Jul,Oct"
1005,c,b,2008.493718692328,11.0,1990.0,1,2011.0,24.0,"Feb,May,Aug,Nov"
1006,c,a,335.2864950619922,6.0,2006.0,1,2011.0,16.0,"Feb,May,Aug,Nov"
1007,c,a,805.893557691234,5.0,1993.0,0,2014.0,25.0,
1008,b,a,6011.495239467076,12.0,1998.0,1,2011.0,34.0,"Jan,Apr,Jul,Oct"
1009,a,a,1079.659144606325,8.0,2003.0,1,2011.0,22.0,"Feb,May,Aug,Nov"
1010,a,b,2291.9378865277413,11.0,2009.0,1,2010.0,10.0,"Feb,May,Aug,Nov"
1011,b,b,1521.8320577813422,3.0,1992.0,0,2013.0,9.0,
1012,a,a,270.62031692566586,1.0,1997.0,1,2012.0,10.0,nan
1013,a,c,3674.776648688623,6.0,1992.0,0,2013.0,36.0,
1014,b,b,1384.7436017642121,9.0,2015.0,1,2011.0,30.0,"Feb,May,Aug,Nov"
1015,a,b,2629.1733364601705,9.0,1996.0,0,2013.0,41.0,
1016,a,a,2959.2720828509396,10.0,2001.0,1,2014.0,7.0,"Jan,Apr,Jul,Oct"
1017,a,a,1074.5635811993209,6.0,2009.0,0,2012.0,4.0,
1018,a,a,1484.3280786073756,1.0,1996.0,0,2011.0,31.0,
1019,c,b,1540.3893503904924,4.0,1991.0,0,2014.0,34.0,
1020,b,b,4433.250049504214,,,0,2015.0,19.0,
1021,a,c,6373.168787486631,4.0,1991.0,1,2010.0,17.0,"Mar,Jun,Sept,Dec"
1022,c,a,,12.0,2003.0,1,2015.0,10.0,"Mar,Jun,Sept,Dec"
1023,a,a,659.4084449840043,11.0,2015.0,0,2013.0,27.0,
1024,b,b,941.7718228112773,11.0,1999.0,1,2015.0,18.0,"Feb,May,Aug,Nov"
1025,c,a,3486.7719703600574,11.0,1990.0,1,2014.0,47.0,"Feb,May,Aug,Nov"
1026,a,a,853.6148253037645,1.0,1998.0,1,2014.0,34.0,"Jan,Apr,Jul,Oct"
1027,a,a,2087.8899859779126,11.0,2010.0,0,2011.0,46.0,
1028,a,a,1232.4690953796392,,,1,2011.0,2.0,"Mar,Jun,Sept,Dec"
1029,a,a,900.1667497135039,11.0,2011.0,0,2015.0,49.0,
1030,a,a,3598.1728444115033,1.0,1998.0,1,2013.0,30.0,"Feb,May,Aug,Nov"
1031,a,a,551.060379660977,12.0,1997.0,1,2013.0,23.0,"Mar,Jun,Sept,Dec"
1032,c,a,3253.351756151902,1.0,2010.0,1,2015.0,7.0,nan
1033,b,a,519.2644709891035,6.0,1998.0,0,2015.0,26.0,
1034,b,a,1336.7258737340508,2.0,2001.0,0,2011.0,1.0,
1035,a,b,956.2979691012931,1.0,1994.0,1,2013.0,52.0,nan
1036,d,c,2674.2005776916476,3.0,2014.0,0,2014.0,33.0,
1037,c,a,2789.3197716365526,1.0,2011.0,0,2014.0,49.0,
1038,b,a,359.7422335255428,7.0,2014.0,0,2011.0,39.0,
1039,a,a,1205.9449410932712,12.0,2001.0,0,2014.0,21.0,
1040,a,a,1986.7423529307678,,,1,2010.0,11.0,nan
1041,a,c,1046.2164910781214,,,1,2013.0,4.0,"Feb,May,Aug,Nov"
1042,d,a,760.3743256215567,10.0,1997.0,1,2011.0,22.0,"Mar,Jun,Sept,Dec"
1043,d,a,2087.0821406971654,1.0,1995.0,1,2013.0,32.0,"Mar,Jun,Sept,Dec"
1044,c,a,2342.780260912048,2.0,2003.0,1,2012.0,40.0,"Mar,Jun,Sept,Dec"
1045,c,a,2159.863562187292,12.0,2009.0,1,2011.0,15.0,nan
1046,c,a,948.0160403326561,12.0,2014.0,0,2013.0,18.0,
1047,c,b,1241.9327371051659,4.0,2014.0,1,2015.0,3.0,"Feb,May,Aug,Nov"
1048,a,c,958.68611097893,7.0,1995.0,1,2011.0,38.0,"Feb,May,Aug,Nov"
1049,b,a,1821.3693677140932,,,0,2011.0,16.0,
1050,b,a,3609.7811598894896,12.0,2008.0,1,2015.0,10.0,"Jan,Apr,Jul,Oct"
1051,a,a,,,,0,2011.0,17.0,
1052,b,a,298.057868437305,8.0,2015.0,0,2014.0,10.0,
1053,a,b,489.6592008141619,3.0,2005.0,0,2010.0,14.0,
1054,b,a,1548.3789978894279,8.0,2008.0,0,2010.0,8.0,
1055,a,a,1146.2695942342787,6.0,1993.0,0,2015.0,37.0,
1056,b,a,2019.9655451218346,10.0,1996.0,1,2012.0,25.0,"Feb,May,Aug,Nov"
1057,c,c,1675.758511601516,4.0,1999.0,1,2015.0,51.0,"Feb,May,Aug,Nov"
1058,a,c,,,,0,2013.0,6.0,
1059,b,a,1426.4834735539791,,,0,2010.0,34.0,
1060,a,b,513.9464289765533,5.0,1995.0,0,2010.0,7.0,
1061,a,c,897.2415038448177,2.0,2006.0,1,2011.0,17.0,"Mar,Jun,Sept,Dec"
1062,b,b,542.9122480562195,5.0,2003.0,0,2014.0,16.0,
1063,b,c,1263.7537947751855,5.0,1999.0,1,2015.0,46.0,nan
1064,a,a,1905.8871069096826,11.0,2002.0,0,2012.0,36.0,
1065,a,a,,7.0,2012.0,1,2011.0,48.0,"Jan,Apr,Jul,Oct"
1066,a,a,1188.9270376373845,2.0,1997.0,0,2014.0,44.0,
1067,c,a,,10.0,2006.0,0,2010.0,20.0,
1068,b,a,222.02990800792247,6.0,2001.0,1,2012.0,36.0,"Feb,May,Aug,Nov"
1069,b,a,,,,1,2015.0,32.0,"Jan,Apr,Jul,Oct"
1070,d,a,981.1541974414981,6.0,1990.0,0,2010.0,32.0,
1071,c,a,3338.4318641999066,11.0,1991.0,0,2010.0,18.0,
1072,c,b,2548.0927532775377,6.0,2001.0,1,2015.0,18.0,"Jan,Apr,Jul,Oct"
1073,a,a,951.2320329230578,,,1,2010.0,26.0,"Feb,May,Aug,Nov"
1074,a,a,2504.5986228961683,10.0,2014.0,1,2014.0,20.0,"Feb,May,Aug,Nov"
1075,a,c,2486.4807959475297,3.0,2002.0,1,2012.0,10.0,"Mar,Jun,Sept,Dec"
1076,c,c,284.94697297574436,,,1,2010.0,9.0,nan
1077,a,a,883.3631723174116,11.0,1995.0,1,2014.0,6.0,"Mar,Jun,Sept,Dec"
1078,a,a,4241.607580743071,6.0,2014.0,0,2013.0,2.0,
1079,d,b,883.4650840269568,,,1,2010.0,13.0,"Feb,May,Aug,Nov"
1080,a,b,575.1536412798554,4.0,2014.0,0,2011.0,8.0,
1081,d,a,1502.2161252337773,1.0,2008.0,0,2011.0,26.0,
1082,a,a,750.9444148384958,4.0,2015.0,0,2013.0,3.0,
1083,c,b,2744.892582351235,5.0,2009.0,1,2015.0,52.0,nan
1084,a,a,1739.84628644081,3.0,2003.0,1,2013.0,35.0,"Feb,May,Aug,Nov"
1085,c,a,1436.9322227792297,12.0,1992.0,1,2015.0,37.0,nan
1086,b,a,749.5538365477794,8.0,2009.0,1,2010.0,37.0,"Feb,May,Aug,Nov"
1087,a,a,1846.4985355517558,11.0,2000.0,1,2010.0,49.0,"Feb,May,Aug,Nov"
1088,a,a,,12.0,1993.0,1,2011.0,3.0,nan
1089,a,b,,9.0,2000.0,1,2014.0,34.0,nan
1090,c,a,1552.6306353667587,5.0,1991.0,1,2012.0,19.0,nan
1091,a,a,10291.708758732824,5.0,2001.0,1,2014.0,2.0,"Jan,Apr,Jul,Oct"
1092,c,a,1210.643079548811,12.0,2014.0,1,2011.0,32.0,"Jan,Apr,Jul,Oct"
1093,c,b,1825.9159631511975,5.0,1994.0,1,2011.0,49.0,nan
1094,a,a,695.0351108204801,9.0,1991.0,0,2014.0,45.0,
1095,d,a,1761.520476507307,5.0,2009.0,0,2015.0,2.0,
1096,b,a,916.1722369697488,12.0,1999.0,1,2014.0,23.0,nan
1097,a,a,1090.796016058088,8.0,2008.0,0,2014.0,28.0,
1098,b,a,2375.7969660422073,12.0,2001.0,1,2012.0,9.0,"Feb,May,Aug,Nov"
1099,b,b,2202.826105971005,,,1,2013.0,29.0,"Feb,May,Aug,Nov"
1100,a,c,4037.7923317040236,12.0,1998.0,1,2012.0,43.0,"Feb,May,Aug,Nov"
1101,a,a,2717.4610820355642,1.0,1992.0,0,2011.0,48.0,
1102,a,a,1199.630207435918,6.0,2000.0,1,2013.0,24.0,"Jan,Apr,Jul,Oct"
1103,a,b,2682.542639025867,1.0,2008.0,0,2012.0,18.0,
1104,c,a,,,,0,2010.0,31.0,
1105,a,a,1677.9430527899117,6.0,2008.0,1,2012.0,27.0,nan
1106,b,a,2663.4103442677488,1.0,2006.0,1,2013.0,37.0,"Jan,Apr,Jul,Oct"
1107,a,a,1083.8635562033744,9.0,2010.0,1,2012.0,47.0,nan
1108,c,c,396.9254256670328,4.0,2004.0,0,2010.0,25.0,
1109,a,b,1128.5987226932787,6.0,1997.0,0,2013.0,2.0,
1110,b,a,505.6213870166077,3.0,2003.0,0,2010.0,17.0,
1111,c,a,400.60271841317604,8.0,1994.0,1,2010.0,49.0,"Feb,May,Aug,Nov"
1112,d,a,790.5997214076542,3.0,2012.0,1,2015.0,37.0,"Jan,Apr,Jul,Oct"
1113,b,a,2026.17691691803,9.0,2010.0,1,2014.0,24.0,nan
1114,b,b,1832.0942437726073,4.0,1994.0,0,2015.0,40.0,
1115,a,a,2011.874319917331,3.0,2005.0,0,2014.0,2.0,
